Session date and time	Session length (in minutes)
03/01/2018 00:00:48 UTC	
03/01/2018 06:56:25 UTC	
03/01/2018 07:57:48 UTC	
03/01/2018 08:06:37 UTC	
03/01/2018 12:29:55 UTC	
03/01/2018 13:00:52 UTC	
03/01/2018 13:37:46 UTC	
03/01/2018 13:50:16 UTC	
03/01/2018 17:00:14 UTC	
03/01/2018 17:04:38 UTC	
03/01/2018 17:11:23 UTC	
03/01/2018 17:28:32 UTC	
03/01/2018 17:39:34 UTC	
03/01/2018 17:54:03 UTC	
03/01/2018 18:25:37 UTC	
03/01/2018 18:31:10 UTC	
03/01/2018 18:42:48 UTC	
03/01/2018 18:49:19 UTC	
03/01/2018 18:53:16 UTC	
03/01/2018 19:40:05 UTC	
03/01/2018 20:12:27 UTC	
03/01/2018 20:18:15 UTC	
03/01/2018 20:34:32 UTC	
03/01/2018 20:48:48 UTC	
03/01/2018 21:18:50 UTC	
03/01/2018 21:38:53 UTC	
03/01/2018 22:08:16 UTC	
03/01/2018 23:00:10 UTC	
03/02/2018 06:47:20 UTC	
03/02/2018 07:58:14 UTC	
03/02/2018 12:41:16 UTC	
03/02/2018 13:33:03 UTC	
03/02/2018 13:48:39 UTC	
03/02/2018 13:56:05 UTC	
03/02/2018 17:18:49 UTC	
03/02/2018 17:24:11 UTC	
03/02/2018 17:55:30 UTC	
03/02/2018 18:15:33 UTC	
03/02/2018 18:46:41 UTC	
03/02/2018 19:07:23 UTC	
03/02/2018 20:03:32 UTC	
03/02/2018 21:49:09 UTC	
03/02/2018 21:55:21 UTC	
03/02/2018 22:24:59 UTC	
03/02/2018 23:03:01 UTC	
03/02/2018 23:18:35 UTC	
03/02/2018 23:38:51 UTC	
03/02/2018 23:39:12 UTC	
03/02/2018 23:51:37 UTC	
03/03/2018 07:10:36 UTC	
03/03/2018 07:20:13 UTC	
03/03/2018 07:26:58 UTC	
03/03/2018 08:48:10 UTC	
03/03/2018 09:51:29 UTC	
03/03/2018 09:58:29 UTC	
03/03/2018 10:03:18 UTC	
03/03/2018 11:14:11 UTC	
03/03/2018 11:44:45 UTC	
03/03/2018 12:46:31 UTC	
03/03/2018 16:07:40 UTC	
03/03/2018 16:24:39 UTC	
03/03/2018 16:37:39 UTC	
03/03/2018 17:38:34 UTC	
03/03/2018 17:40:20 UTC	
03/03/2018 18:36:42 UTC	
03/03/2018 19:35:43 UTC	
03/03/2018 20:13:32 UTC	
03/03/2018 20:34:56 UTC	
03/03/2018 20:37:47 UTC	
03/03/2018 21:17:18 UTC	
03/03/2018 23:33:06 UTC	
03/04/2018 08:20:43 UTC	
03/04/2018 09:08:17 UTC	
03/04/2018 10:15:25 UTC	
03/04/2018 10:25:39 UTC	
03/04/2018 13:54:56 UTC	
03/04/2018 14:18:24 UTC	
03/04/2018 15:50:07 UTC	
03/04/2018 16:37:47 UTC	
03/04/2018 16:41:11 UTC	
03/04/2018 17:38:39 UTC	
03/04/2018 17:43:58 UTC	
03/04/2018 20:07:01 UTC	
03/04/2018 20:25:54 UTC	
03/04/2018 21:53:15 UTC	
03/04/2018 22:13:50 UTC	
03/04/2018 22:58:25 UTC	
03/04/2018 23:11:28 UTC	
03/04/2018 23:57:17 UTC	
03/05/2018 05:56:41 UTC	
03/05/2018 06:44:47 UTC	
03/05/2018 07:13:39 UTC	
03/05/2018 07:40:32 UTC	
03/05/2018 07:48:13 UTC	
03/05/2018 09:44:19 UTC	
03/05/2018 14:06:08 UTC	
03/05/2018 14:38:25 UTC	
03/05/2018 15:00:28 UTC	
03/05/2018 15:10:51 UTC	
03/05/2018 15:20:21 UTC	
03/05/2018 16:09:20 UTC	
03/05/2018 16:11:26 UTC	
03/05/2018 16:30:45 UTC	
03/05/2018 16:50:48 UTC	
03/05/2018 17:08:19 UTC	
03/05/2018 17:22:12 UTC	
03/05/2018 17:25:59 UTC	
03/05/2018 17:30:36 UTC	
03/05/2018 18:22:33 UTC	
03/05/2018 19:32:16 UTC	
03/05/2018 19:41:48 UTC	
03/05/2018 22:07:10 UTC	
03/05/2018 22:37:21 UTC	
03/05/2018 22:45:47 UTC	
03/05/2018 22:51:41 UTC	
03/05/2018 23:00:10 UTC	
03/06/2018 06:43:32 UTC	
03/06/2018 06:51:46 UTC	
03/06/2018 07:19:30 UTC	
03/06/2018 08:00:37 UTC	
03/06/2018 08:01:24 UTC	
03/06/2018 10:47:19 UTC	
03/06/2018 15:51:46 UTC	
03/06/2018 17:10:03 UTC	
03/06/2018 17:31:18 UTC	
03/06/2018 18:31:12 UTC	
03/06/2018 18:50:05 UTC	
03/06/2018 18:54:51 UTC	
03/06/2018 19:55:34 UTC	
03/06/2018 20:20:34 UTC	
03/06/2018 21:38:05 UTC	
03/06/2018 21:39:11 UTC	
03/06/2018 21:39:54 UTC	
03/06/2018 21:42:08 UTC	
03/06/2018 21:59:20 UTC	
03/06/2018 22:05:56 UTC	
03/06/2018 22:08:37 UTC	
03/06/2018 22:12:31 UTC	
03/06/2018 22:19:55 UTC	
03/06/2018 22:30:37 UTC	
03/06/2018 22:36:47 UTC	
03/06/2018 22:47:27 UTC	
03/06/2018 23:07:24 UTC	
03/06/2018 23:36:13 UTC	
03/07/2018 06:01:35 UTC	
03/07/2018 06:57:25 UTC	
03/07/2018 08:02:33 UTC	
03/07/2018 13:37:03 UTC	
03/07/2018 15:44:05 UTC	
03/07/2018 17:08:13 UTC	
03/07/2018 17:08:41 UTC	
03/07/2018 17:27:01 UTC	
03/07/2018 17:38:52 UTC	
03/07/2018 18:09:17 UTC	
03/07/2018 18:20:59 UTC	
03/07/2018 18:39:58 UTC	
03/07/2018 18:47:01 UTC	
03/07/2018 18:50:31 UTC	
03/07/2018 18:54:45 UTC	
03/07/2018 19:06:40 UTC	
03/07/2018 19:10:05 UTC	
03/07/2018 21:03:49 UTC	
03/07/2018 21:07:55 UTC	
03/07/2018 21:12:14 UTC	
03/07/2018 21:19:14 UTC	
03/07/2018 22:56:16 UTC	
03/07/2018 23:48:00 UTC	
03/08/2018 06:30:17 UTC	
03/08/2018 07:21:18 UTC	
03/08/2018 07:59:56 UTC	
03/08/2018 08:25:22 UTC	
03/08/2018 09:03:07 UTC	
03/08/2018 09:34:04 UTC	
03/08/2018 13:16:38 UTC	
03/08/2018 13:36:43 UTC	
03/08/2018 15:24:40 UTC	
03/08/2018 16:35:05 UTC	
03/08/2018 17:06:47 UTC	
03/08/2018 17:29:43 UTC	
03/08/2018 18:27:48 UTC	
03/08/2018 18:32:00 UTC	
03/08/2018 18:41:23 UTC	
03/08/2018 18:46:02 UTC	
03/08/2018 21:18:12 UTC	
03/08/2018 21:45:50 UTC	
03/08/2018 21:58:26 UTC	
03/08/2018 22:42:39 UTC	
03/08/2018 23:00:36 UTC	
03/09/2018 06:39:57 UTC	
03/09/2018 08:01:18 UTC	
03/09/2018 12:11:15 UTC	
03/09/2018 12:53:51 UTC	
03/09/2018 12:54:17 UTC	
03/09/2018 13:55:08 UTC	
03/09/2018 14:23:41 UTC	
03/09/2018 14:36:12 UTC	
03/09/2018 15:38:52 UTC	
03/09/2018 16:45:26 UTC	
03/09/2018 17:13:22 UTC	
03/09/2018 17:33:14 UTC	
03/09/2018 19:24:17 UTC	
03/09/2018 19:30:51 UTC	
03/09/2018 19:34:54 UTC	
03/09/2018 21:55:01 UTC	
03/09/2018 23:24:38 UTC	
03/10/2018 07:23:42 UTC	
03/10/2018 08:52:13 UTC	
03/10/2018 10:19:59 UTC	
03/10/2018 10:46:38 UTC	
03/10/2018 10:56:55 UTC	
03/10/2018 12:25:34 UTC	
03/10/2018 12:54:11 UTC	
03/10/2018 15:46:53 UTC	
03/10/2018 17:25:26 UTC	
03/10/2018 17:49:10 UTC	
03/10/2018 18:52:39 UTC	
03/10/2018 20:01:42 UTC	
03/10/2018 20:34:59 UTC	
03/10/2018 20:43:05 UTC	
03/10/2018 20:54:03 UTC	
03/11/2018 07:42:11 UTC	
03/11/2018 09:10:11 UTC	
03/11/2018 09:24:58 UTC	
03/11/2018 10:19:57 UTC	
03/11/2018 11:20:01 UTC	
03/11/2018 12:51:37 UTC	
03/11/2018 17:15:09 UTC	
03/11/2018 17:45:50 UTC	
03/11/2018 18:36:10 UTC	
03/11/2018 19:19:25 UTC	
03/11/2018 19:43:36 UTC	
03/11/2018 20:13:09 UTC	
03/11/2018 20:22:48 UTC	
03/11/2018 20:28:33 UTC	
03/11/2018 20:30:58 UTC	
03/11/2018 20:35:07 UTC	
03/11/2018 20:53:06 UTC	
03/11/2018 20:54:43 UTC	
03/11/2018 21:10:11 UTC	
03/11/2018 21:42:48 UTC	
03/11/2018 22:55:27 UTC	
03/12/2018 06:31:11 UTC	
03/12/2018 07:55:37 UTC	
03/12/2018 12:23:55 UTC	
03/12/2018 13:14:53 UTC	
03/12/2018 13:53:47 UTC	
03/12/2018 14:08:56 UTC	
03/12/2018 16:19:58 UTC	
03/12/2018 16:59:31 UTC	
03/12/2018 17:13:41 UTC	
03/12/2018 17:24:39 UTC	
03/12/2018 17:26:54 UTC	
03/12/2018 18:21:41 UTC	
03/12/2018 18:29:34 UTC	
03/12/2018 18:42:38 UTC	
03/12/2018 18:58:37 UTC	
03/12/2018 20:58:46 UTC	
03/12/2018 21:26:15 UTC	
03/12/2018 21:41:10 UTC	
03/12/2018 22:02:53 UTC	
03/12/2018 22:11:09 UTC	
03/12/2018 22:30:55 UTC	
03/12/2018 22:39:20 UTC	
03/12/2018 22:49:30 UTC	
03/12/2018 22:54:17 UTC	
03/12/2018 23:00:23 UTC	
03/13/2018 06:27:23 UTC	
03/13/2018 07:07:15 UTC	
03/13/2018 07:45:49 UTC	
03/13/2018 07:46:16 UTC	
03/13/2018 09:24:03 UTC	
03/13/2018 10:59:17 UTC	
03/13/2018 13:31:42 UTC	
03/13/2018 13:38:27 UTC	
03/13/2018 13:51:16 UTC	
03/13/2018 15:52:21 UTC	
03/13/2018 17:07:57 UTC	
03/13/2018 17:19:37 UTC	
03/13/2018 17:28:15 UTC	
03/13/2018 17:50:56 UTC	
03/13/2018 17:52:32 UTC	
03/13/2018 18:18:38 UTC	
03/13/2018 18:32:27 UTC	
03/13/2018 18:43:37 UTC	
03/13/2018 18:59:07 UTC	
03/13/2018 19:14:49 UTC	
03/13/2018 20:10:29 UTC	
03/13/2018 20:11:01 UTC	
03/13/2018 20:11:29 UTC	
03/13/2018 21:27:31 UTC	
03/13/2018 21:49:31 UTC	
03/13/2018 22:16:19 UTC	
03/13/2018 22:25:16 UTC	
03/14/2018 06:54:06 UTC	
03/14/2018 08:01:17 UTC	
03/14/2018 08:50:31 UTC	
03/14/2018 09:40:53 UTC	
03/14/2018 13:36:17 UTC	
03/14/2018 13:47:04 UTC	
03/14/2018 14:51:24 UTC	
03/14/2018 15:50:18 UTC	
03/14/2018 16:19:07 UTC	
03/14/2018 16:40:13 UTC	
03/14/2018 17:00:16 UTC	
03/14/2018 17:21:28 UTC	
03/14/2018 17:31:41 UTC	
03/14/2018 17:37:13 UTC	
03/14/2018 18:45:02 UTC	
03/14/2018 19:14:41 UTC	
03/14/2018 20:02:55 UTC	
03/14/2018 20:21:09 UTC	
03/14/2018 21:42:38 UTC	
03/14/2018 21:52:34 UTC	
03/14/2018 22:10:32 UTC	
03/14/2018 22:14:30 UTC	
03/14/2018 22:29:12 UTC	
03/14/2018 22:49:57 UTC	
03/14/2018 23:02:05 UTC	
03/15/2018 06:37:51 UTC	
03/15/2018 07:57:00 UTC	
03/15/2018 08:02:35 UTC	
03/15/2018 08:07:59 UTC	
03/15/2018 09:09:39 UTC	
03/15/2018 11:04:20 UTC	
03/15/2018 11:05:52 UTC	
03/15/2018 11:06:35 UTC	
03/15/2018 11:07:08 UTC	
03/15/2018 11:13:47 UTC	
03/15/2018 12:17:21 UTC	
03/15/2018 13:49:14 UTC	
03/15/2018 14:22:09 UTC	
03/15/2018 14:32:13 UTC	
03/15/2018 15:14:09 UTC	
03/15/2018 16:00:22 UTC	
03/15/2018 16:56:23 UTC	
03/15/2018 17:09:13 UTC	
03/15/2018 17:16:49 UTC	
03/15/2018 17:29:37 UTC	
03/15/2018 17:46:19 UTC	
03/15/2018 17:59:12 UTC	
03/15/2018 18:05:07 UTC	
03/15/2018 18:21:33 UTC	
03/15/2018 18:43:42 UTC	
03/15/2018 19:21:17 UTC	
03/15/2018 19:41:37 UTC	
03/15/2018 20:25:04 UTC	
03/15/2018 21:54:08 UTC	
03/15/2018 22:02:06 UTC	
03/15/2018 22:07:44 UTC	
03/15/2018 22:21:53 UTC	
03/15/2018 22:35:59 UTC	
03/15/2018 22:50:06 UTC	
03/15/2018 23:06:30 UTC	
03/16/2018 06:07:19 UTC	
03/16/2018 08:01:30 UTC	
03/16/2018 11:21:16 UTC	
03/16/2018 14:37:17 UTC	
03/16/2018 16:56:42 UTC	
03/16/2018 17:11:50 UTC	
03/16/2018 17:38:58 UTC	
03/16/2018 18:08:13 UTC	
03/16/2018 18:44:16 UTC	
03/16/2018 19:08:53 UTC	
03/16/2018 20:13:31 UTC	
03/16/2018 21:17:10 UTC	
03/16/2018 21:33:34 UTC	
03/16/2018 21:48:45 UTC	
03/16/2018 21:55:40 UTC	
03/16/2018 22:08:13 UTC	
03/16/2018 22:21:57 UTC	
03/16/2018 22:30:45 UTC	
03/16/2018 22:55:00 UTC	
03/16/2018 23:10:00 UTC	
03/17/2018 06:40:42 UTC	
03/17/2018 08:54:31 UTC	
03/17/2018 09:44:04 UTC	
03/17/2018 10:14:43 UTC	
03/17/2018 11:27:39 UTC	
03/17/2018 11:39:06 UTC	
03/17/2018 11:46:42 UTC	
03/17/2018 12:26:26 UTC	
03/17/2018 13:18:21 UTC	
03/17/2018 14:28:31 UTC	
03/17/2018 15:52:56 UTC	
03/17/2018 16:09:41 UTC	
03/17/2018 17:03:20 UTC	
03/17/2018 18:18:25 UTC	
03/17/2018 18:35:14 UTC	
03/17/2018 18:38:08 UTC	
03/17/2018 19:22:45 UTC	
03/17/2018 19:35:40 UTC	
03/17/2018 20:31:08 UTC	
03/17/2018 23:06:56 UTC	
03/17/2018 23:56:01 UTC	
03/18/2018 08:53:54 UTC	
03/18/2018 09:17:37 UTC	
03/18/2018 10:49:13 UTC	
03/18/2018 11:16:26 UTC	
03/18/2018 12:04:17 UTC	
03/18/2018 12:11:06 UTC	
03/18/2018 14:16:53 UTC	
03/18/2018 14:25:10 UTC	
03/18/2018 15:21:50 UTC	
03/18/2018 16:13:38 UTC	
03/18/2018 16:20:30 UTC	
03/18/2018 16:46:23 UTC	
03/18/2018 17:19:11 UTC	
03/18/2018 17:32:02 UTC	
03/18/2018 18:15:35 UTC	
03/18/2018 18:19:32 UTC	
03/18/2018 18:57:02 UTC	
03/18/2018 19:23:37 UTC	
03/18/2018 19:29:00 UTC	
03/18/2018 20:08:17 UTC	
03/18/2018 20:40:40 UTC	
03/18/2018 20:55:13 UTC	
03/18/2018 20:55:40 UTC	
03/18/2018 22:57:25 UTC	
03/19/2018 07:57:33 UTC	
03/19/2018 09:05:17 UTC	
03/19/2018 09:13:34 UTC	
03/19/2018 09:23:36 UTC	
03/19/2018 09:27:16 UTC	
03/19/2018 09:32:02 UTC	
03/19/2018 10:53:21 UTC	
03/19/2018 11:28:59 UTC	
03/19/2018 11:42:03 UTC	
03/19/2018 12:48:03 UTC	
03/19/2018 14:15:03 UTC	
03/19/2018 14:29:07 UTC	
03/19/2018 15:03:50 UTC	
03/19/2018 15:09:20 UTC	
03/19/2018 15:18:46 UTC	
03/19/2018 15:29:52 UTC	
03/19/2018 15:55:55 UTC	
03/19/2018 16:26:29 UTC	
03/19/2018 16:32:16 UTC	
03/19/2018 16:48:16 UTC	
03/19/2018 16:55:19 UTC	
03/19/2018 17:06:43 UTC	
03/19/2018 17:41:21 UTC	
03/19/2018 18:02:51 UTC	
03/19/2018 18:20:35 UTC	
03/19/2018 18:48:04 UTC	
03/19/2018 19:06:52 UTC	
03/19/2018 19:24:42 UTC	
03/19/2018 20:16:22 UTC	
03/19/2018 21:03:18 UTC	
03/19/2018 21:15:07 UTC	
03/19/2018 22:28:07 UTC	
03/19/2018 22:57:41 UTC	
03/19/2018 23:25:11 UTC	
03/20/2018 06:30:18 UTC	
03/20/2018 06:49:08 UTC	
03/20/2018 06:51:44 UTC	
03/20/2018 07:38:48 UTC	
03/20/2018 08:07:01 UTC	
03/20/2018 08:32:19 UTC	
03/20/2018 09:37:11 UTC	
03/20/2018 10:09:25 UTC	
03/20/2018 13:02:31 UTC	
03/20/2018 13:33:53 UTC	
03/20/2018 13:39:13 UTC	
03/20/2018 13:49:26 UTC	
03/20/2018 16:39:03 UTC	
03/20/2018 16:55:23 UTC	
03/20/2018 17:25:59 UTC	
03/20/2018 17:28:18 UTC	
03/20/2018 21:18:37 UTC	
03/20/2018 23:10:06 UTC	
03/20/2018 23:35:43 UTC	
03/21/2018 06:30:16 UTC	
03/21/2018 06:57:55 UTC	
03/21/2018 07:12:31 UTC	
03/21/2018 07:54:33 UTC	
03/21/2018 07:56:46 UTC	
03/21/2018 10:06:07 UTC	
03/21/2018 10:07:57 UTC	
03/21/2018 10:09:44 UTC	
03/21/2018 10:13:08 UTC	
03/21/2018 10:22:44 UTC	
03/21/2018 10:25:40 UTC	
03/21/2018 10:31:56 UTC	
03/21/2018 10:45:26 UTC	
03/21/2018 10:46:11 UTC	
03/21/2018 10:50:01 UTC	
03/21/2018 10:59:22 UTC	
03/21/2018 11:17:41 UTC	
03/21/2018 11:32:30 UTC	
03/21/2018 12:10:13 UTC	
03/21/2018 12:48:54 UTC	
03/21/2018 12:52:38 UTC	
03/21/2018 13:00:15 UTC	
03/21/2018 13:11:04 UTC	
03/21/2018 13:40:19 UTC	
03/21/2018 13:59:49 UTC	
03/21/2018 14:00:52 UTC	
03/21/2018 16:36:10 UTC	
03/21/2018 16:40:01 UTC	
03/21/2018 17:00:13 UTC	
03/21/2018 17:25:34 UTC	
03/21/2018 18:05:14 UTC	
03/21/2018 18:42:11 UTC	
03/21/2018 18:50:50 UTC	
03/21/2018 18:59:34 UTC	
03/21/2018 19:00:01 UTC	
03/21/2018 19:38:29 UTC	
03/21/2018 20:45:59 UTC	
03/21/2018 21:05:27 UTC	
03/21/2018 21:12:03 UTC	
03/21/2018 21:17:02 UTC	
03/21/2018 21:52:45 UTC	
03/21/2018 22:06:14 UTC	
03/21/2018 22:24:06 UTC	
03/21/2018 22:46:32 UTC	
03/21/2018 22:54:32 UTC	
03/21/2018 23:07:22 UTC	
03/21/2018 23:15:19 UTC	
03/22/2018 06:54:42 UTC	
03/22/2018 08:03:02 UTC	
03/22/2018 08:09:49 UTC	
03/22/2018 13:37:31 UTC	
03/22/2018 13:38:48 UTC	
03/22/2018 13:49:23 UTC	
03/22/2018 17:00:21 UTC	
03/22/2018 17:17:00 UTC	
03/22/2018 17:27:13 UTC	
03/22/2018 17:46:53 UTC	
03/22/2018 20:16:23 UTC	
03/22/2018 20:38:09 UTC	
03/22/2018 21:20:32 UTC	
03/22/2018 21:21:53 UTC	
03/22/2018 21:27:47 UTC	
03/22/2018 21:39:17 UTC	
03/22/2018 21:47:05 UTC	
03/22/2018 22:04:34 UTC	
03/22/2018 22:49:51 UTC	
03/22/2018 23:00:51 UTC	
03/22/2018 23:25:56 UTC	
03/23/2018 06:26:25 UTC	
03/23/2018 07:53:01 UTC	
03/23/2018 08:05:32 UTC	
03/23/2018 12:43:37 UTC	
03/23/2018 14:17:36 UTC	
03/23/2018 14:18:12 UTC	
03/23/2018 15:47:29 UTC	
03/23/2018 16:06:45 UTC	
03/23/2018 16:16:27 UTC	
03/23/2018 17:03:40 UTC	
03/23/2018 17:54:38 UTC	
03/23/2018 18:38:38 UTC	
03/23/2018 19:11:09 UTC	
03/23/2018 19:59:19 UTC	
03/23/2018 20:52:09 UTC	
03/23/2018 21:07:55 UTC	
03/23/2018 22:32:02 UTC	
03/23/2018 22:53:35 UTC	
03/23/2018 23:24:05 UTC	
03/24/2018 00:07:15 UTC	
03/24/2018 07:31:37 UTC	
03/24/2018 07:35:19 UTC	
03/24/2018 08:13:29 UTC	
03/24/2018 08:23:41 UTC	
03/24/2018 09:51:58 UTC	
03/24/2018 09:58:07 UTC	
03/24/2018 10:35:16 UTC	
03/24/2018 11:37:04 UTC	
03/24/2018 11:40:09 UTC	
03/24/2018 12:36:57 UTC	
03/24/2018 17:53:16 UTC	
03/24/2018 17:55:13 UTC	
03/24/2018 17:59:33 UTC	
03/24/2018 18:09:04 UTC	
03/24/2018 18:09:56 UTC	
03/24/2018 19:06:20 UTC	
03/24/2018 19:23:17 UTC	
03/24/2018 19:39:05 UTC	
03/24/2018 20:40:57 UTC	
03/24/2018 21:18:05 UTC	
03/24/2018 22:07:17 UTC	
03/24/2018 22:33:56 UTC	
03/24/2018 23:21:41 UTC	
03/25/2018 07:11:49 UTC	
03/25/2018 08:12:27 UTC	
03/25/2018 08:55:15 UTC	
03/25/2018 09:00:28 UTC	
03/25/2018 09:31:59 UTC	
03/25/2018 09:46:59 UTC	
03/25/2018 09:48:26 UTC	
03/25/2018 09:51:29 UTC	
03/25/2018 10:38:03 UTC	
03/25/2018 12:08:14 UTC	
03/25/2018 12:12:33 UTC	
03/25/2018 13:48:24 UTC	
03/25/2018 14:06:40 UTC	
03/25/2018 15:00:58 UTC	
03/25/2018 15:21:21 UTC	
03/25/2018 15:22:39 UTC	
03/25/2018 16:54:05 UTC	
03/25/2018 18:19:38 UTC	
03/25/2018 19:02:47 UTC	
03/25/2018 19:17:56 UTC	
03/25/2018 21:07:04 UTC	
03/25/2018 21:40:39 UTC	
03/25/2018 21:44:31 UTC	
03/25/2018 22:03:10 UTC	
03/25/2018 22:32:19 UTC	
03/26/2018 05:57:17 UTC	
03/26/2018 06:17:34 UTC	
03/26/2018 07:17:42 UTC	
03/26/2018 09:28:56 UTC	
03/26/2018 11:47:30 UTC	
03/26/2018 11:53:51 UTC	
03/26/2018 12:50:17 UTC	
03/26/2018 13:15:18 UTC	
03/26/2018 15:57:58 UTC	
03/26/2018 16:27:18 UTC	
03/26/2018 16:29:35 UTC	
03/26/2018 16:38:38 UTC	
03/26/2018 17:24:19 UTC	
03/26/2018 17:39:37 UTC	
03/26/2018 18:26:23 UTC	
03/26/2018 19:21:23 UTC	
03/26/2018 21:05:33 UTC	
03/26/2018 21:48:41 UTC	
03/26/2018 21:57:19 UTC	
03/27/2018 07:05:50 UTC	
03/27/2018 07:30:42 UTC	
03/27/2018 08:38:03 UTC	
03/27/2018 12:21:03 UTC	
03/27/2018 12:37:30 UTC	
03/27/2018 12:51:07 UTC	
03/27/2018 13:04:09 UTC	
03/27/2018 15:39:25 UTC	
03/27/2018 15:59:54 UTC	
03/27/2018 16:29:35 UTC	
03/27/2018 17:08:05 UTC	
03/27/2018 17:18:22 UTC	
03/27/2018 18:03:45 UTC	
03/27/2018 20:15:32 UTC	
03/27/2018 20:58:05 UTC	
03/28/2018 05:30:08 UTC	
03/28/2018 05:40:08 UTC	
03/28/2018 07:06:22 UTC	
03/28/2018 09:41:55 UTC	
03/28/2018 10:15:06 UTC	
03/28/2018 12:41:31 UTC	
03/28/2018 14:57:10 UTC	
03/28/2018 16:01:21 UTC	
03/28/2018 16:12:59 UTC	
03/28/2018 16:16:21 UTC	
03/28/2018 16:26:00 UTC	
03/28/2018 17:47:45 UTC	
03/28/2018 18:25:15 UTC	
03/28/2018 19:42:54 UTC	
03/28/2018 19:54:45 UTC	
03/28/2018 20:09:20 UTC	
03/28/2018 20:37:14 UTC	
03/28/2018 21:21:26 UTC	
03/28/2018 22:34:51 UTC	
03/29/2018 06:12:59 UTC	
03/29/2018 07:32:37 UTC	
03/29/2018 07:43:06 UTC	
03/29/2018 08:27:22 UTC	
03/29/2018 08:56:19 UTC	
03/29/2018 09:45:19 UTC	
03/29/2018 10:21:03 UTC	
03/29/2018 10:49:08 UTC	
03/29/2018 12:15:32 UTC	
03/29/2018 13:07:44 UTC	
03/29/2018 14:04:27 UTC	
03/29/2018 14:09:49 UTC	
03/29/2018 14:39:14 UTC	
03/29/2018 14:44:39 UTC	
03/29/2018 14:50:25 UTC	
03/29/2018 16:28:27 UTC	
03/29/2018 16:29:41 UTC	
03/29/2018 16:32:32 UTC	
03/29/2018 17:02:00 UTC	
03/29/2018 18:02:51 UTC	
03/29/2018 19:21:52 UTC	
03/29/2018 19:46:22 UTC	
03/29/2018 20:44:59 UTC	
03/29/2018 20:47:12 UTC	
03/29/2018 20:48:27 UTC	
03/29/2018 20:49:39 UTC	
03/29/2018 20:51:45 UTC	
03/29/2018 20:59:11 UTC	
03/29/2018 22:00:26 UTC	
03/29/2018 22:04:17 UTC	
03/29/2018 22:08:38 UTC	
03/30/2018 00:31:50 UTC	
03/30/2018 07:19:18 UTC	
03/30/2018 08:02:41 UTC	
03/30/2018 08:21:31 UTC	
03/30/2018 08:38:16 UTC	
03/30/2018 08:49:31 UTC	
03/30/2018 08:57:10 UTC	
03/30/2018 09:07:11 UTC	
03/30/2018 09:10:20 UTC	
03/30/2018 09:30:01 UTC	
03/30/2018 09:42:29 UTC	
03/30/2018 09:52:06 UTC	
03/30/2018 11:24:23 UTC	
03/30/2018 11:51:16 UTC	
03/30/2018 16:37:04 UTC	
03/30/2018 16:40:42 UTC	
03/30/2018 16:50:50 UTC	
03/30/2018 17:18:18 UTC	
03/30/2018 18:16:16 UTC	
03/30/2018 18:44:41 UTC	
03/30/2018 19:59:52 UTC	
03/30/2018 20:32:39 UTC	
03/30/2018 20:41:50 UTC	
03/30/2018 20:53:53 UTC	
03/30/2018 21:25:13 UTC	
03/30/2018 21:38:22 UTC	
03/31/2018 06:56:35 UTC	
03/31/2018 08:56:15 UTC	
03/31/2018 09:41:41 UTC	
03/31/2018 10:26:50 UTC	
03/31/2018 10:36:10 UTC	
03/31/2018 11:01:54 UTC	
03/31/2018 11:46:57 UTC	
03/31/2018 13:18:00 UTC	
03/31/2018 15:42:40 UTC	
03/31/2018 15:56:36 UTC	
03/31/2018 16:19:47 UTC	
03/31/2018 16:32:08 UTC	
03/31/2018 17:20:07 UTC	
03/31/2018 17:25:59 UTC	
03/31/2018 17:32:33 UTC	
03/31/2018 17:36:06 UTC	
03/31/2018 17:46:54 UTC	
03/31/2018 18:47:22 UTC	
03/31/2018 19:53:19 UTC	
03/31/2018 23:04:43 UTC	
04/01/2018 07:07:41 UTC	
04/01/2018 07:19:08 UTC	
04/01/2018 07:59:48 UTC	
04/01/2018 08:08:05 UTC	
04/01/2018 08:35:58 UTC	
04/01/2018 09:26:21 UTC	
04/01/2018 10:30:01 UTC	
04/01/2018 17:46:22 UTC	
04/01/2018 17:56:47 UTC	
04/01/2018 18:21:58 UTC	
04/01/2018 18:22:35 UTC	
04/01/2018 22:38:30 UTC	
04/01/2018 22:41:26 UTC	
04/01/2018 22:45:23 UTC	
04/02/2018 07:55:26 UTC	
04/02/2018 10:37:35 UTC	
04/02/2018 10:43:51 UTC	
04/02/2018 11:23:23 UTC	
04/02/2018 12:03:40 UTC	
04/02/2018 13:14:40 UTC	
04/02/2018 17:01:53 UTC	
04/02/2018 17:47:31 UTC	
04/02/2018 18:20:19 UTC	
04/02/2018 18:28:33 UTC	
04/02/2018 18:33:32 UTC	
04/02/2018 20:11:58 UTC	
04/02/2018 21:00:21 UTC	
04/02/2018 21:25:14 UTC	
04/03/2018 05:43:40 UTC	
04/03/2018 06:41:21 UTC	
04/03/2018 08:51:34 UTC	
04/03/2018 09:03:02 UTC	
04/03/2018 09:19:14 UTC	
04/03/2018 09:24:15 UTC	
04/03/2018 10:34:02 UTC	
04/03/2018 10:34:32 UTC	
04/03/2018 10:45:40 UTC	
04/03/2018 12:22:32 UTC	
04/03/2018 12:57:22 UTC	
04/03/2018 13:09:10 UTC	
04/03/2018 13:18:55 UTC	
04/03/2018 13:55:03 UTC	
04/03/2018 14:46:38 UTC	
04/03/2018 15:15:54 UTC	
04/03/2018 16:00:40 UTC	
04/03/2018 16:38:56 UTC	
04/03/2018 16:47:45 UTC	
04/03/2018 16:51:33 UTC	
04/03/2018 17:04:54 UTC	
04/03/2018 17:30:32 UTC	
04/03/2018 18:01:46 UTC	
04/03/2018 18:34:03 UTC	
04/03/2018 18:46:36 UTC	
04/03/2018 19:03:50 UTC	
04/03/2018 19:13:55 UTC	
04/03/2018 20:13:32 UTC	
04/03/2018 20:30:36 UTC	
04/03/2018 20:46:44 UTC	
04/03/2018 21:35:55 UTC	
04/03/2018 21:41:54 UTC	
04/03/2018 22:16:27 UTC	
04/03/2018 22:41:31 UTC	
04/04/2018 06:33:22 UTC	
04/04/2018 08:38:00 UTC	
04/04/2018 08:43:01 UTC	
04/04/2018 08:57:16 UTC	
04/04/2018 09:03:19 UTC	
04/04/2018 09:23:38 UTC	
04/04/2018 09:27:06 UTC	
04/04/2018 09:32:51 UTC	
04/04/2018 10:28:03 UTC	
04/04/2018 10:48:23 UTC	
04/04/2018 10:57:29 UTC	
04/04/2018 10:57:56 UTC	
04/04/2018 11:22:11 UTC	
04/04/2018 11:25:28 UTC	
04/04/2018 12:32:07 UTC	
04/04/2018 12:55:47 UTC	
04/04/2018 13:45:30 UTC	
04/04/2018 14:33:45 UTC	
04/04/2018 14:38:51 UTC	
04/04/2018 14:45:50 UTC	
04/04/2018 14:51:10 UTC	
04/04/2018 15:01:40 UTC	
04/04/2018 15:07:21 UTC	
04/04/2018 15:14:51 UTC	
04/04/2018 15:56:00 UTC	
04/04/2018 16:17:33 UTC	
04/04/2018 16:41:37 UTC	
04/04/2018 16:43:09 UTC	
04/04/2018 16:58:34 UTC	
04/04/2018 17:08:02 UTC	
04/04/2018 17:18:48 UTC	
04/04/2018 17:25:20 UTC	
04/04/2018 18:02:30 UTC	
04/04/2018 18:18:55 UTC	
04/04/2018 18:30:26 UTC	
04/04/2018 18:44:43 UTC	
04/04/2018 18:47:59 UTC	
04/04/2018 19:00:07 UTC	
04/04/2018 19:08:54 UTC	
04/04/2018 19:21:01 UTC	
04/04/2018 19:50:54 UTC	
04/04/2018 20:12:17 UTC	
04/04/2018 20:31:22 UTC	
04/04/2018 20:38:33 UTC	
04/04/2018 21:04:29 UTC	
04/04/2018 21:06:43 UTC	
04/04/2018 21:23:35 UTC	
04/04/2018 22:00:38 UTC	
04/04/2018 22:01:06 UTC	
04/05/2018 06:08:44 UTC	
04/05/2018 06:12:55 UTC	
04/05/2018 07:00:49 UTC	
04/05/2018 08:10:16 UTC	
04/05/2018 08:29:05 UTC	
04/05/2018 08:59:32 UTC	
04/05/2018 09:33:02 UTC	
04/05/2018 10:30:11 UTC	
04/05/2018 11:01:45 UTC	
04/05/2018 11:29:57 UTC	
04/05/2018 11:46:43 UTC	
04/05/2018 12:58:02 UTC	
04/05/2018 13:16:40 UTC	
04/05/2018 14:12:18 UTC	
04/05/2018 14:30:54 UTC	
04/05/2018 14:35:21 UTC	
04/05/2018 14:36:30 UTC	
04/05/2018 17:09:49 UTC	
04/05/2018 17:37:57 UTC	
04/05/2018 17:41:40 UTC	
04/05/2018 17:51:43 UTC	
04/05/2018 17:52:38 UTC	
04/05/2018 18:20:52 UTC	
04/05/2018 18:51:35 UTC	
04/05/2018 18:55:26 UTC	
04/05/2018 19:20:14 UTC	
04/05/2018 19:45:52 UTC	
04/05/2018 20:02:08 UTC	
04/05/2018 20:23:55 UTC	
04/05/2018 20:33:02 UTC	
04/05/2018 20:50:52 UTC	
04/05/2018 21:05:23 UTC	
04/05/2018 21:14:46 UTC	
04/05/2018 21:22:47 UTC	
04/05/2018 21:29:28 UTC	
04/05/2018 21:34:17 UTC	
04/05/2018 21:38:20 UTC	
04/05/2018 21:54:49 UTC	
04/05/2018 22:05:12 UTC	
04/05/2018 22:17:45 UTC	
04/06/2018 05:52:27 UTC	
04/06/2018 06:21:59 UTC	
04/06/2018 07:02:35 UTC	
04/06/2018 07:11:13 UTC	
04/06/2018 07:23:30 UTC	
04/06/2018 07:27:36 UTC	
04/06/2018 07:38:07 UTC	
04/06/2018 08:00:57 UTC	
04/06/2018 08:36:49 UTC	
04/06/2018 08:39:36 UTC	
04/06/2018 08:45:22 UTC	
04/06/2018 08:49:33 UTC	
04/06/2018 08:59:46 UTC	
04/06/2018 09:16:00 UTC	
04/06/2018 09:44:34 UTC	
04/06/2018 10:01:52 UTC	
04/06/2018 10:07:36 UTC	
04/06/2018 10:24:54 UTC	
04/06/2018 10:45:21 UTC	
04/06/2018 10:55:28 UTC	
04/06/2018 11:01:25 UTC	
04/06/2018 11:16:13 UTC	
04/06/2018 11:22:47 UTC	
04/06/2018 11:29:32 UTC	
04/06/2018 11:32:45 UTC	
04/06/2018 11:37:52 UTC	
04/06/2018 11:54:07 UTC	
04/06/2018 11:59:17 UTC	
04/06/2018 12:07:23 UTC	
04/06/2018 12:22:47 UTC	
04/06/2018 12:37:04 UTC	
04/06/2018 12:47:41 UTC	
04/06/2018 13:08:27 UTC	
04/06/2018 13:33:12 UTC	
04/06/2018 14:04:27 UTC	
04/06/2018 14:05:29 UTC	
04/06/2018 14:13:10 UTC	
04/06/2018 14:21:56 UTC	
04/06/2018 14:38:25 UTC	
04/06/2018 15:00:04 UTC	
04/06/2018 15:10:37 UTC	
04/06/2018 15:29:12 UTC	
04/06/2018 15:58:23 UTC	
04/06/2018 16:16:16 UTC	
04/06/2018 16:40:13 UTC	
04/06/2018 16:48:55 UTC	
04/06/2018 17:13:42 UTC	
04/06/2018 17:32:46 UTC	
04/06/2018 18:10:21 UTC	
04/06/2018 18:18:05 UTC	
04/06/2018 18:21:52 UTC	
04/06/2018 18:26:54 UTC	
04/06/2018 18:28:23 UTC	
04/06/2018 18:31:09 UTC	
04/06/2018 18:34:51 UTC	
04/06/2018 18:45:21 UTC	
04/06/2018 18:47:52 UTC	
04/06/2018 18:56:23 UTC	
04/06/2018 19:14:47 UTC	
04/06/2018 19:15:32 UTC	
04/06/2018 19:24:19 UTC	
04/06/2018 19:31:33 UTC	
04/06/2018 19:47:05 UTC	
04/06/2018 19:57:05 UTC	
04/06/2018 20:08:22 UTC	
04/06/2018 20:18:09 UTC	
04/06/2018 20:29:43 UTC	
04/06/2018 20:42:33 UTC	
04/06/2018 20:51:31 UTC	
04/06/2018 21:03:35 UTC	
04/06/2018 21:08:30 UTC	
04/06/2018 21:14:51 UTC	
04/06/2018 21:24:04 UTC	
04/06/2018 22:12:58 UTC	
04/06/2018 22:19:21 UTC	
04/06/2018 22:41:59 UTC	
04/07/2018 06:12:57 UTC	
04/07/2018 06:20:18 UTC	
04/07/2018 06:45:09 UTC	
04/07/2018 08:38:09 UTC	
04/07/2018 10:45:26 UTC	
04/07/2018 10:49:06 UTC	
04/07/2018 10:55:59 UTC	
04/07/2018 11:56:59 UTC	
04/07/2018 15:43:52 UTC	
04/07/2018 16:45:09 UTC	
04/07/2018 17:22:40 UTC	
04/07/2018 17:36:33 UTC	
04/07/2018 19:13:09 UTC	
04/07/2018 19:18:32 UTC	
04/07/2018 20:46:49 UTC	
04/07/2018 21:39:57 UTC	
04/07/2018 22:02:38 UTC	
04/08/2018 07:26:00 UTC	
04/08/2018 09:29:38 UTC	
04/08/2018 10:13:49 UTC	
04/08/2018 11:10:43 UTC	
04/08/2018 13:23:20 UTC	
04/08/2018 13:36:07 UTC	
04/08/2018 13:57:32 UTC	
04/08/2018 14:29:07 UTC	
04/08/2018 14:38:46 UTC	
04/08/2018 14:55:39 UTC	
04/08/2018 15:09:59 UTC	
04/08/2018 15:11:17 UTC	
04/08/2018 15:15:09 UTC	
04/08/2018 15:18:29 UTC	
04/08/2018 15:21:53 UTC	
04/08/2018 15:56:40 UTC	
04/08/2018 16:03:34 UTC	
04/08/2018 16:13:25 UTC	
04/08/2018 16:18:45 UTC	
04/08/2018 16:19:08 UTC	
04/08/2018 17:20:47 UTC	
04/08/2018 17:48:50 UTC	
04/08/2018 17:54:50 UTC	
04/08/2018 18:19:54 UTC	
04/08/2018 18:38:56 UTC	
04/08/2018 19:01:20 UTC	
04/08/2018 19:54:02 UTC	
04/08/2018 19:58:56 UTC	
04/08/2018 20:00:22 UTC	
04/08/2018 20:32:47 UTC	
04/08/2018 20:39:00 UTC	
04/08/2018 20:48:28 UTC	
04/08/2018 20:59:55 UTC	
04/08/2018 21:08:34 UTC	
04/08/2018 21:22:51 UTC	
04/08/2018 21:44:05 UTC	
04/08/2018 21:54:47 UTC	
04/08/2018 22:06:17 UTC	
04/08/2018 22:12:05 UTC	
04/08/2018 22:18:44 UTC	
04/08/2018 22:25:54 UTC	
04/08/2018 22:44:57 UTC	
04/09/2018 06:06:52 UTC	
04/09/2018 06:09:06 UTC	
04/09/2018 06:26:39 UTC	
04/09/2018 07:12:08 UTC	
04/09/2018 11:10:39 UTC	
04/09/2018 12:01:47 UTC	
04/09/2018 12:17:49 UTC	
04/09/2018 12:20:53 UTC	
04/09/2018 12:35:09 UTC	
04/09/2018 13:58:43 UTC	
04/09/2018 14:05:24 UTC	
04/09/2018 14:27:35 UTC	
04/09/2018 15:09:46 UTC	
04/09/2018 15:25:06 UTC	
04/09/2018 15:46:36 UTC	
04/09/2018 15:56:13 UTC	
04/09/2018 16:05:36 UTC	
04/09/2018 16:10:48 UTC	
04/09/2018 16:19:32 UTC	
04/09/2018 16:43:11 UTC	
04/09/2018 16:57:04 UTC	
04/09/2018 17:11:03 UTC	
04/09/2018 17:26:26 UTC	
04/09/2018 17:31:16 UTC	
04/09/2018 19:11:17 UTC	
04/09/2018 19:23:33 UTC	
04/09/2018 19:34:27 UTC	
04/09/2018 20:42:56 UTC	
04/09/2018 21:07:20 UTC	
04/09/2018 21:18:30 UTC	
04/09/2018 21:43:37 UTC	
04/09/2018 21:53:58 UTC	
04/09/2018 22:04:32 UTC	
04/09/2018 22:22:12 UTC	
04/10/2018 05:54:24 UTC	
04/10/2018 06:55:27 UTC	
04/10/2018 07:05:50 UTC	
04/10/2018 09:19:16 UTC	
04/10/2018 09:19:37 UTC	
04/10/2018 11:06:37 UTC	
04/10/2018 12:27:59 UTC	
04/10/2018 12:34:56 UTC	
04/10/2018 12:46:51 UTC	
04/10/2018 14:40:03 UTC	
04/10/2018 16:00:55 UTC	
04/10/2018 16:16:36 UTC	
04/10/2018 16:26:53 UTC	
04/10/2018 17:10:17 UTC	
04/10/2018 17:45:19 UTC	
04/10/2018 19:34:45 UTC	
04/10/2018 20:44:06 UTC	
04/10/2018 21:03:33 UTC	
04/10/2018 21:18:32 UTC	
04/10/2018 21:41:53 UTC	
04/10/2018 21:44:29 UTC	
04/10/2018 21:52:49 UTC	
04/10/2018 22:08:01 UTC	
04/11/2018 06:07:10 UTC	
04/11/2018 07:01:50 UTC	
04/11/2018 07:42:46 UTC	
04/11/2018 09:43:47 UTC	
04/11/2018 11:46:25 UTC	
04/11/2018 12:46:10 UTC	
04/11/2018 14:55:34 UTC	
04/11/2018 15:58:35 UTC	
04/11/2018 16:19:40 UTC	
04/11/2018 16:26:40 UTC	
04/11/2018 16:36:55 UTC	
04/11/2018 16:39:13 UTC	
04/11/2018 17:05:55 UTC	
04/11/2018 17:22:56 UTC	
04/11/2018 17:41:07 UTC	
04/11/2018 18:49:29 UTC	
04/12/2018 06:17:49 UTC	
04/12/2018 07:09:04 UTC	
04/12/2018 07:49:58 UTC	
04/12/2018 08:08:29 UTC	
04/12/2018 08:17:52 UTC	
04/12/2018 08:25:58 UTC	
04/12/2018 08:48:37 UTC	
04/12/2018 08:54:28 UTC	
04/12/2018 09:46:06 UTC	
04/12/2018 10:02:37 UTC	
04/12/2018 10:13:55 UTC	
04/12/2018 10:28:27 UTC	
04/12/2018 10:47:53 UTC	
04/12/2018 11:08:30 UTC	
04/12/2018 11:31:29 UTC	
04/12/2018 11:47:08 UTC	
04/12/2018 12:54:18 UTC	
04/12/2018 13:02:31 UTC	
04/12/2018 13:21:58 UTC	
04/12/2018 13:30:32 UTC	
04/12/2018 13:41:28 UTC	
04/12/2018 14:07:22 UTC	
04/12/2018 14:25:13 UTC	
04/12/2018 14:38:17 UTC	
04/12/2018 14:50:49 UTC	
04/12/2018 15:35:34 UTC	
04/12/2018 15:49:17 UTC	
04/12/2018 15:58:55 UTC	
04/12/2018 16:05:02 UTC	
04/12/2018 16:40:40 UTC	
04/12/2018 17:03:44 UTC	
04/12/2018 17:16:45 UTC	
04/12/2018 17:37:41 UTC	
04/12/2018 17:53:39 UTC	
04/12/2018 18:40:59 UTC	
04/12/2018 20:15:40 UTC	
04/12/2018 20:39:28 UTC	
04/12/2018 20:44:05 UTC	
04/12/2018 20:57:01 UTC	
04/12/2018 21:05:04 UTC	
04/12/2018 21:14:22 UTC	
04/12/2018 21:17:03 UTC	
04/12/2018 21:30:45 UTC	
04/12/2018 21:37:42 UTC	
04/12/2018 21:50:11 UTC	
04/12/2018 21:53:59 UTC	
04/12/2018 21:57:34 UTC	
04/12/2018 22:03:04 UTC	
04/12/2018 22:12:05 UTC	
04/12/2018 22:21:09 UTC	
04/12/2018 22:28:54 UTC	
04/13/2018 05:29:51 UTC	
04/13/2018 06:42:44 UTC	
04/13/2018 07:22:44 UTC	
04/13/2018 07:31:31 UTC	
04/13/2018 07:43:18 UTC	
04/13/2018 08:02:18 UTC	
04/13/2018 08:10:10 UTC	
04/13/2018 08:15:14 UTC	
04/13/2018 08:42:31 UTC	
04/13/2018 12:13:35 UTC	
04/13/2018 12:35:13 UTC	
04/13/2018 12:42:11 UTC	
04/13/2018 12:43:12 UTC	
04/13/2018 12:47:32 UTC	
04/13/2018 12:49:59 UTC	
04/13/2018 12:57:00 UTC	
04/13/2018 13:10:37 UTC	
04/13/2018 13:47:08 UTC	
04/13/2018 14:40:21 UTC	
04/13/2018 14:40:45 UTC	
04/13/2018 15:57:14 UTC	
04/13/2018 16:15:04 UTC	
04/13/2018 16:25:38 UTC	
04/13/2018 16:35:23 UTC	
04/13/2018 16:53:02 UTC	
04/13/2018 17:17:10 UTC	
04/13/2018 18:20:48 UTC	
04/13/2018 18:50:23 UTC	
04/13/2018 18:58:55 UTC	
04/13/2018 19:17:31 UTC	
04/13/2018 19:37:21 UTC	
04/13/2018 19:46:05 UTC	
04/13/2018 19:53:42 UTC	
04/13/2018 20:03:59 UTC	
04/13/2018 20:14:00 UTC	
04/13/2018 20:28:59 UTC	
04/13/2018 20:36:39 UTC	
04/13/2018 20:45:28 UTC	
04/13/2018 20:54:14 UTC	
04/13/2018 21:24:28 UTC	
04/13/2018 21:48:44 UTC	
04/13/2018 21:57:41 UTC	
04/13/2018 22:21:40 UTC	
04/13/2018 23:12:54 UTC	
04/13/2018 23:49:34 UTC	
04/13/2018 23:51:10 UTC	
04/14/2018 07:35:14 UTC	
04/14/2018 08:52:28 UTC	
04/14/2018 08:54:17 UTC	
04/14/2018 09:15:40 UTC	
04/14/2018 09:23:40 UTC	
04/14/2018 09:33:11 UTC	
04/14/2018 09:43:37 UTC	
04/14/2018 10:09:25 UTC	
04/14/2018 15:20:05 UTC	
04/14/2018 17:45:57 UTC	
04/14/2018 17:51:10 UTC	
04/14/2018 17:58:04 UTC	
04/14/2018 19:54:47 UTC	
04/14/2018 23:26:32 UTC	
04/14/2018 23:29:03 UTC	
04/15/2018 07:38:37 UTC	
04/15/2018 08:17:57 UTC	
04/15/2018 08:47:56 UTC	
04/15/2018 10:16:27 UTC	
04/15/2018 10:56:00 UTC	
04/15/2018 10:57:28 UTC	
04/15/2018 11:05:50 UTC	
04/15/2018 11:06:57 UTC	
04/15/2018 11:10:33 UTC	
04/15/2018 11:42:29 UTC	
04/15/2018 11:47:12 UTC	
04/15/2018 12:00:49 UTC	
04/15/2018 12:24:56 UTC	
04/15/2018 12:27:01 UTC	
04/15/2018 12:29:50 UTC	
04/15/2018 13:19:27 UTC	
04/15/2018 13:44:40 UTC	
04/15/2018 15:13:38 UTC	
04/15/2018 15:22:25 UTC	
04/15/2018 15:29:22 UTC	
04/15/2018 15:33:30 UTC	
04/15/2018 15:53:13 UTC	
04/15/2018 15:54:26 UTC	
04/15/2018 16:28:41 UTC	
04/15/2018 16:29:29 UTC	
04/15/2018 16:33:27 UTC	
04/15/2018 17:02:15 UTC	
04/15/2018 17:35:19 UTC	
04/15/2018 17:45:03 UTC	
04/15/2018 18:00:45 UTC	
04/15/2018 18:03:04 UTC	
04/15/2018 18:05:34 UTC	
04/15/2018 18:07:51 UTC	
04/15/2018 18:11:26 UTC	
04/15/2018 18:17:07 UTC	
04/15/2018 19:03:37 UTC	
04/15/2018 19:21:39 UTC	
04/15/2018 19:47:15 UTC	
04/15/2018 20:28:26 UTC	
04/15/2018 20:36:06 UTC	
04/15/2018 20:51:12 UTC	
04/15/2018 20:59:40 UTC	
04/15/2018 21:15:19 UTC	
04/15/2018 21:30:00 UTC	
04/15/2018 21:56:46 UTC	
04/16/2018 06:17:14 UTC	
04/16/2018 07:05:27 UTC	
04/16/2018 07:17:38 UTC	
04/16/2018 12:56:01 UTC	
04/16/2018 16:32:01 UTC	
04/16/2018 16:49:15 UTC	
04/16/2018 17:13:28 UTC	
04/16/2018 17:25:59 UTC	
04/16/2018 18:06:53 UTC	
04/16/2018 19:07:33 UTC	
04/16/2018 19:09:52 UTC	
04/16/2018 22:00:29 UTC	
04/17/2018 05:42:32 UTC	
04/17/2018 06:12:26 UTC	
04/17/2018 06:27:43 UTC	
04/17/2018 07:12:09 UTC	
04/17/2018 07:35:34 UTC	
04/17/2018 09:19:46 UTC	
04/17/2018 10:08:25 UTC	
04/17/2018 11:36:04 UTC	
04/17/2018 12:59:43 UTC	
04/17/2018 15:30:04 UTC	
04/17/2018 16:28:33 UTC	
04/17/2018 16:40:37 UTC	
04/17/2018 17:07:32 UTC	
04/17/2018 17:51:24 UTC	
04/17/2018 18:53:19 UTC	
04/17/2018 18:54:25 UTC	
04/17/2018 20:13:00 UTC	
04/17/2018 20:21:37 UTC	
04/17/2018 20:27:08 UTC	
04/17/2018 20:36:10 UTC	
04/17/2018 20:57:04 UTC	
04/17/2018 21:04:32 UTC	
04/17/2018 21:11:32 UTC	
04/17/2018 21:17:21 UTC	
04/17/2018 21:39:43 UTC	
04/17/2018 21:51:31 UTC	
04/17/2018 22:10:44 UTC	
04/17/2018 22:33:35 UTC	
04/18/2018 05:49:49 UTC	
04/18/2018 07:03:27 UTC	
04/18/2018 07:34:08 UTC	
04/18/2018 12:46:59 UTC	
04/18/2018 12:47:53 UTC	
04/18/2018 12:48:45 UTC	
04/18/2018 12:50:55 UTC	
04/18/2018 12:55:12 UTC	
04/18/2018 13:00:11 UTC	
04/18/2018 15:35:59 UTC	
04/18/2018 15:54:37 UTC	
04/18/2018 16:18:03 UTC	
04/18/2018 16:25:11 UTC	
04/18/2018 17:09:35 UTC	
04/18/2018 17:42:06 UTC	
04/18/2018 18:07:10 UTC	
04/18/2018 19:39:30 UTC	
04/18/2018 19:41:32 UTC	
04/18/2018 20:49:10 UTC	
04/18/2018 20:52:17 UTC	
04/18/2018 20:52:48 UTC	
04/18/2018 21:47:45 UTC	
04/19/2018 05:31:26 UTC	
04/19/2018 07:03:03 UTC	
04/19/2018 07:24:29 UTC	
04/19/2018 09:15:16 UTC	
04/19/2018 09:16:43 UTC	
04/19/2018 09:18:23 UTC	
04/19/2018 13:01:23 UTC	
04/19/2018 15:16:27 UTC	
04/19/2018 15:47:41 UTC	
04/19/2018 16:30:10 UTC	
04/19/2018 17:15:42 UTC	
04/19/2018 19:16:15 UTC	
04/19/2018 20:39:27 UTC	
04/19/2018 20:47:41 UTC	
04/19/2018 20:56:16 UTC	
04/19/2018 21:02:19 UTC	
04/19/2018 21:15:28 UTC	
04/19/2018 21:19:36 UTC	
04/19/2018 21:20:17 UTC	
04/19/2018 21:23:10 UTC	
04/19/2018 21:31:27 UTC	
04/19/2018 22:13:26 UTC	
04/20/2018 06:16:02 UTC	
04/20/2018 07:06:54 UTC	
04/20/2018 07:27:28 UTC	
04/20/2018 12:30:47 UTC	
04/20/2018 12:35:40 UTC	
04/20/2018 14:49:15 UTC	
04/20/2018 15:15:18 UTC	
04/20/2018 16:06:26 UTC	
04/20/2018 16:08:41 UTC	
04/20/2018 16:27:39 UTC	
04/20/2018 16:50:22 UTC	
04/20/2018 17:39:49 UTC	
04/20/2018 18:15:05 UTC	
04/20/2018 18:17:54 UTC	
04/20/2018 18:27:12 UTC	
04/20/2018 18:42:13 UTC	
04/20/2018 19:03:03 UTC	
04/20/2018 19:37:09 UTC	
04/20/2018 19:53:43 UTC	
04/20/2018 20:07:59 UTC	
04/20/2018 20:48:38 UTC	
04/20/2018 21:14:28 UTC	
04/20/2018 22:24:51 UTC	
04/20/2018 22:25:59 UTC	
04/20/2018 22:37:07 UTC	
04/21/2018 06:30:43 UTC	
04/21/2018 07:21:15 UTC	
04/21/2018 08:35:06 UTC	
04/21/2018 09:44:09 UTC	
04/21/2018 10:13:23 UTC	
04/21/2018 11:43:11 UTC	
04/21/2018 11:45:12 UTC	
04/21/2018 12:06:02 UTC	
04/21/2018 12:27:25 UTC	
04/21/2018 12:47:27 UTC	
04/21/2018 13:02:58 UTC	
04/21/2018 13:15:51 UTC	
04/21/2018 13:54:28 UTC	
04/21/2018 14:05:17 UTC	
04/21/2018 15:37:30 UTC	
04/21/2018 16:11:26 UTC	
04/21/2018 17:25:28 UTC	
04/21/2018 17:46:51 UTC	
04/21/2018 18:04:34 UTC	
04/21/2018 18:29:35 UTC	
04/21/2018 18:31:25 UTC	
04/21/2018 19:30:35 UTC	
04/21/2018 19:59:20 UTC	
04/21/2018 20:12:28 UTC	
04/21/2018 20:29:15 UTC	
04/21/2018 20:48:16 UTC	
04/21/2018 21:07:33 UTC	
04/21/2018 21:16:44 UTC	
04/21/2018 21:30:52 UTC	
04/21/2018 21:37:48 UTC	
04/21/2018 21:48:33 UTC	
04/21/2018 22:02:39 UTC	
04/21/2018 22:43:30 UTC	
04/22/2018 07:01:18 UTC	
04/22/2018 07:24:17 UTC	
04/22/2018 08:28:13 UTC	
04/22/2018 10:49:18 UTC	
04/22/2018 11:01:19 UTC	
04/22/2018 11:09:06 UTC	
04/22/2018 11:27:14 UTC	
04/22/2018 11:33:37 UTC	
04/22/2018 12:51:06 UTC	
04/22/2018 13:20:03 UTC	
04/22/2018 14:08:06 UTC	
04/22/2018 15:25:16 UTC	
04/22/2018 15:45:54 UTC	
04/22/2018 16:30:33 UTC	
04/22/2018 16:52:52 UTC	
04/22/2018 17:22:03 UTC	
04/22/2018 19:00:34 UTC	
04/22/2018 19:37:14 UTC	
04/22/2018 19:50:49 UTC	
04/22/2018 20:06:55 UTC	
04/22/2018 20:46:12 UTC	
04/22/2018 21:52:16 UTC	
04/22/2018 21:56:46 UTC	
04/22/2018 22:04:08 UTC	
04/23/2018 06:16:19 UTC	
04/23/2018 07:16:12 UTC	
04/23/2018 12:35:40 UTC	
04/23/2018 12:48:52 UTC	
04/23/2018 14:58:33 UTC	
04/23/2018 15:40:21 UTC	
04/23/2018 16:09:07 UTC	
04/23/2018 16:28:27 UTC	
04/23/2018 17:11:15 UTC	
04/23/2018 17:51:05 UTC	
04/23/2018 17:52:13 UTC	
04/23/2018 19:33:48 UTC	
04/23/2018 19:55:33 UTC	
04/23/2018 20:18:03 UTC	
04/23/2018 20:30:51 UTC	
04/23/2018 20:45:10 UTC	
04/23/2018 21:02:37 UTC	
04/23/2018 21:26:08 UTC	
04/23/2018 21:30:59 UTC	
04/23/2018 21:38:39 UTC	
04/23/2018 21:45:58 UTC	
04/23/2018 21:54:21 UTC	
04/23/2018 21:57:23 UTC	
04/23/2018 22:36:36 UTC	
04/23/2018 22:45:17 UTC	
04/24/2018 06:15:29 UTC	
04/24/2018 07:11:59 UTC	
04/24/2018 08:17:00 UTC	
04/24/2018 10:14:33 UTC	
04/24/2018 10:38:55 UTC	
04/24/2018 10:51:34 UTC	
04/24/2018 11:06:54 UTC	
04/24/2018 11:20:37 UTC	
04/24/2018 12:16:27 UTC	
04/24/2018 12:34:56 UTC	
04/24/2018 14:32:06 UTC	
04/24/2018 15:28:04 UTC	
04/24/2018 16:26:26 UTC	
04/24/2018 17:19:20 UTC	
04/24/2018 17:48:44 UTC	
04/24/2018 18:15:34 UTC	
04/24/2018 18:42:39 UTC	
04/24/2018 18:58:53 UTC	
04/24/2018 19:32:26 UTC	
04/24/2018 19:49:49 UTC	
04/24/2018 19:52:56 UTC	
04/24/2018 19:54:16 UTC	
04/24/2018 19:59:34 UTC	
04/24/2018 20:05:00 UTC	
04/24/2018 20:15:51 UTC	
04/24/2018 20:25:35 UTC	
04/24/2018 21:27:36 UTC	
04/24/2018 21:51:31 UTC	
04/24/2018 22:00:39 UTC	
04/24/2018 22:39:57 UTC	
04/25/2018 06:15:32 UTC	
04/25/2018 07:08:02 UTC	
04/25/2018 07:30:57 UTC	
04/25/2018 08:21:01 UTC	
04/25/2018 10:13:30 UTC	
04/25/2018 10:29:02 UTC	
04/25/2018 10:45:11 UTC	
04/25/2018 10:50:16 UTC	
04/25/2018 10:57:50 UTC	
04/25/2018 11:06:53 UTC	
04/25/2018 11:24:08 UTC	
04/25/2018 11:42:14 UTC	
04/25/2018 12:01:08 UTC	
04/25/2018 12:46:42 UTC	
04/25/2018 13:09:54 UTC	
04/25/2018 14:42:18 UTC	
04/25/2018 14:57:29 UTC	
04/25/2018 15:24:41 UTC	
04/25/2018 15:36:08 UTC	
04/25/2018 15:57:04 UTC	
04/25/2018 16:28:24 UTC	
04/25/2018 16:33:00 UTC	
04/25/2018 16:39:06 UTC	
04/25/2018 19:30:01 UTC	
04/25/2018 20:53:48 UTC	
04/25/2018 21:16:06 UTC	
04/25/2018 21:31:40 UTC	
04/26/2018 06:15:07 UTC	
04/26/2018 07:05:55 UTC	
04/26/2018 07:19:11 UTC	
04/26/2018 10:19:34 UTC	
04/26/2018 11:22:48 UTC	
04/26/2018 12:40:56 UTC	
04/26/2018 12:59:29 UTC	
04/26/2018 14:56:33 UTC	
04/26/2018 15:59:14 UTC	
04/26/2018 16:19:28 UTC	
04/26/2018 16:27:50 UTC	
04/26/2018 16:35:45 UTC	
04/26/2018 16:40:52 UTC	
04/26/2018 17:46:13 UTC	
04/26/2018 19:23:26 UTC	
04/26/2018 19:25:14 UTC	
04/26/2018 19:26:17 UTC	
04/26/2018 21:34:21 UTC	
04/27/2018 06:15:57 UTC	
04/27/2018 07:10:56 UTC	
04/27/2018 07:59:54 UTC	
04/27/2018 12:36:19 UTC	
04/27/2018 14:48:05 UTC	
04/27/2018 15:05:15 UTC	
04/27/2018 15:33:01 UTC	
04/27/2018 16:00:59 UTC	
04/27/2018 16:02:00 UTC	
04/27/2018 16:19:45 UTC	
04/27/2018 16:30:39 UTC	
04/27/2018 16:42:35 UTC	
04/27/2018 17:11:02 UTC	
04/27/2018 17:39:56 UTC	
04/27/2018 17:57:19 UTC	
04/27/2018 18:15:11 UTC	
04/27/2018 18:58:27 UTC	
04/27/2018 19:19:47 UTC	
04/27/2018 19:25:44 UTC	
04/27/2018 19:52:01 UTC	
04/27/2018 19:54:03 UTC	
04/27/2018 21:35:42 UTC	
04/27/2018 21:45:55 UTC	
04/27/2018 21:56:45 UTC	
04/27/2018 22:49:55 UTC	
04/27/2018 23:17:20 UTC	
04/28/2018 07:14:00 UTC	
04/28/2018 11:37:14 UTC	
04/28/2018 12:42:06 UTC	
04/28/2018 14:49:33 UTC	
04/28/2018 15:06:44 UTC	
04/28/2018 17:15:47 UTC	
04/28/2018 18:26:42 UTC	
04/28/2018 19:36:26 UTC	
04/28/2018 19:50:04 UTC	
04/28/2018 22:42:20 UTC	
04/29/2018 07:18:56 UTC	
04/29/2018 07:47:20 UTC	
04/29/2018 09:29:44 UTC	
04/29/2018 09:30:49 UTC	
04/29/2018 10:12:34 UTC	
04/29/2018 10:15:40 UTC	
04/29/2018 10:24:22 UTC	
04/29/2018 10:58:09 UTC	
04/29/2018 11:12:02 UTC	
04/29/2018 12:36:41 UTC	
04/29/2018 12:49:26 UTC	
04/29/2018 12:55:22 UTC	
04/29/2018 13:07:51 UTC	
04/29/2018 13:11:27 UTC	
04/29/2018 13:52:52 UTC	
04/29/2018 14:16:20 UTC	
04/29/2018 16:06:24 UTC	
04/29/2018 16:16:01 UTC	
04/29/2018 17:05:04 UTC	
04/29/2018 18:00:11 UTC	
04/29/2018 18:16:39 UTC	
04/29/2018 19:02:14 UTC	
04/29/2018 19:16:19 UTC	
04/29/2018 20:06:48 UTC	
04/29/2018 20:46:53 UTC	
04/29/2018 21:02:55 UTC	
04/29/2018 21:12:46 UTC	
04/29/2018 21:28:41 UTC	
04/29/2018 21:50:25 UTC	
04/29/2018 21:55:12 UTC	
04/30/2018 06:02:23 UTC	
04/30/2018 07:10:18 UTC	
04/30/2018 07:11:04 UTC	
04/30/2018 07:27:54 UTC	
04/30/2018 07:35:59 UTC	
04/30/2018 09:22:35 UTC	
04/30/2018 12:06:09 UTC	
04/30/2018 15:01:00 UTC	
04/30/2018 15:20:15 UTC	
04/30/2018 15:57:53 UTC	
04/30/2018 16:28:38 UTC	
04/30/2018 16:57:46 UTC	
04/30/2018 17:12:41 UTC	
04/30/2018 17:16:16 UTC	
04/30/2018 17:54:43 UTC	
04/30/2018 18:59:14 UTC	
04/30/2018 19:22:49 UTC	
04/30/2018 19:23:12 UTC	
04/30/2018 20:23:17 UTC	
04/30/2018 20:34:38 UTC	
04/30/2018 20:46:12 UTC	
04/30/2018 20:53:15 UTC	
04/30/2018 21:00:15 UTC	
04/30/2018 21:30:44 UTC	
04/30/2018 21:35:26 UTC	
04/30/2018 21:56:17 UTC	
04/30/2018 22:15:31 UTC	
04/30/2018 22:21:13 UTC	
04/30/2018 22:25:41 UTC	
04/30/2018 22:33:16 UTC	
04/30/2018 22:43:58 UTC	
04/30/2018 23:13:26 UTC	
04/30/2018 23:14:00 UTC	
04/30/2018 23:14:59 UTC	
04/30/2018 23:20:31 UTC	
04/30/2018 23:30:03 UTC	
04/30/2018 23:39:24 UTC	
04/30/2018 23:46:42 UTC	
05/01/2018 00:17:50 UTC	
05/01/2018 07:33:17 UTC	
05/01/2018 08:39:52 UTC	
05/01/2018 09:53:00 UTC	
05/01/2018 10:06:00 UTC	
05/01/2018 11:08:58 UTC	
05/01/2018 11:15:57 UTC	
05/01/2018 11:43:41 UTC	
05/01/2018 12:28:14 UTC	
05/01/2018 12:57:18 UTC	
05/01/2018 13:17:28 UTC	
05/01/2018 13:27:23 UTC	
05/01/2018 14:17:30 UTC	
05/01/2018 14:38:48 UTC	
05/01/2018 15:04:20 UTC	
05/01/2018 15:31:53 UTC	
05/01/2018 15:50:13 UTC	
05/01/2018 17:10:22 UTC	
05/01/2018 17:43:59 UTC	
05/01/2018 18:17:16 UTC	
05/01/2018 18:27:31 UTC	
05/01/2018 18:47:29 UTC	
05/01/2018 18:56:02 UTC	
05/01/2018 19:10:23 UTC	
05/01/2018 19:16:48 UTC	
05/01/2018 19:20:18 UTC	
05/01/2018 19:38:10 UTC	
05/01/2018 19:40:00 UTC	
05/01/2018 19:46:22 UTC	
05/01/2018 19:52:15 UTC	
05/01/2018 20:01:41 UTC	
05/01/2018 20:10:40 UTC	
05/01/2018 20:13:18 UTC	
05/01/2018 21:13:12 UTC	
05/01/2018 22:15:39 UTC	
05/01/2018 22:24:57 UTC	
05/01/2018 22:33:34 UTC	
05/01/2018 22:40:02 UTC	
05/01/2018 22:45:29 UTC	
05/01/2018 23:02:53 UTC	
05/02/2018 05:59:22 UTC	
05/02/2018 06:40:22 UTC	
05/02/2018 06:56:44 UTC	
05/02/2018 09:39:07 UTC	
05/02/2018 11:14:04 UTC	
05/02/2018 11:17:31 UTC	
05/02/2018 12:37:05 UTC	
05/02/2018 12:50:18 UTC	
05/02/2018 13:05:59 UTC	
05/02/2018 15:45:36 UTC	
05/02/2018 15:59:02 UTC	
05/02/2018 16:08:43 UTC	
05/02/2018 16:27:17 UTC	
05/02/2018 17:10:03 UTC	
05/02/2018 17:43:53 UTC	
05/02/2018 17:54:31 UTC	
05/02/2018 18:44:55 UTC	
05/02/2018 19:16:01 UTC	
05/02/2018 19:36:24 UTC	
05/02/2018 19:37:09 UTC	
05/02/2018 20:52:59 UTC	
05/03/2018 06:01:45 UTC	
05/03/2018 06:18:23 UTC	
05/03/2018 06:55:20 UTC	
05/03/2018 06:55:37 UTC	
05/03/2018 10:14:22 UTC	
05/03/2018 13:18:50 UTC	
05/03/2018 14:51:28 UTC	
05/03/2018 15:49:41 UTC	
05/03/2018 16:13:27 UTC	
05/03/2018 16:26:04 UTC	
05/03/2018 17:26:48 UTC	
05/03/2018 18:20:21 UTC	
05/03/2018 19:11:31 UTC	
05/03/2018 19:24:34 UTC	
05/03/2018 20:01:40 UTC	
05/03/2018 20:14:20 UTC	
05/03/2018 20:32:12 UTC	
05/03/2018 20:52:20 UTC	
05/03/2018 21:09:20 UTC	
05/03/2018 21:20:18 UTC	
05/03/2018 21:56:51 UTC	
05/03/2018 22:06:35 UTC	
05/03/2018 22:11:40 UTC	
05/04/2018 06:04:20 UTC	
05/04/2018 06:59:59 UTC	
05/04/2018 12:18:11 UTC	
05/04/2018 15:53:38 UTC	
05/04/2018 16:28:09 UTC	
05/04/2018 16:47:25 UTC	
05/04/2018 16:59:14 UTC	
05/04/2018 17:19:20 UTC	
05/04/2018 18:01:46 UTC	
05/04/2018 18:30:48 UTC	
05/04/2018 19:09:36 UTC	
05/04/2018 19:18:10 UTC	
05/04/2018 19:59:25 UTC	
05/04/2018 20:26:29 UTC	
05/04/2018 20:29:51 UTC	
05/04/2018 20:35:27 UTC	
05/04/2018 20:46:52 UTC	
05/04/2018 20:58:12 UTC	
05/04/2018 21:05:55 UTC	
05/04/2018 21:29:41 UTC	
05/04/2018 21:35:43 UTC	
05/04/2018 21:50:03 UTC	
05/04/2018 22:08:07 UTC	
05/04/2018 22:15:40 UTC	
05/04/2018 22:41:05 UTC	
05/05/2018 06:00:59 UTC	
05/05/2018 07:29:42 UTC	
05/05/2018 07:57:16 UTC	
05/05/2018 08:47:36 UTC	
05/05/2018 10:28:32 UTC	
05/05/2018 10:32:19 UTC	
05/05/2018 11:46:58 UTC	
05/05/2018 13:24:07 UTC	
05/05/2018 15:27:36 UTC	
05/05/2018 18:40:59 UTC	
05/05/2018 20:47:32 UTC	
05/05/2018 21:08:33 UTC	
05/05/2018 21:22:39 UTC	
05/05/2018 21:53:38 UTC	
05/05/2018 22:01:31 UTC	
05/05/2018 23:09:32 UTC	
05/05/2018 23:38:18 UTC	
05/06/2018 07:51:28 UTC	
05/06/2018 08:32:55 UTC	
05/06/2018 08:58:27 UTC	
05/06/2018 09:08:14 UTC	
05/06/2018 10:16:52 UTC	
05/06/2018 10:24:19 UTC	
05/06/2018 10:47:15 UTC	
05/06/2018 11:05:05 UTC	
05/06/2018 11:23:36 UTC	
05/06/2018 12:27:31 UTC	
05/06/2018 12:44:29 UTC	
05/06/2018 13:10:17 UTC	
05/06/2018 15:10:09 UTC	
05/06/2018 15:24:08 UTC	
05/06/2018 15:28:08 UTC	
05/06/2018 15:32:49 UTC	
05/06/2018 16:25:18 UTC	
05/06/2018 16:47:36 UTC	
05/06/2018 17:04:55 UTC	
05/06/2018 17:30:51 UTC	
05/06/2018 17:57:19 UTC	
05/06/2018 18:12:14 UTC	
05/06/2018 18:24:16 UTC	
05/06/2018 18:31:18 UTC	
05/06/2018 19:05:23 UTC	
05/06/2018 19:15:16 UTC	
05/06/2018 19:26:23 UTC	
05/06/2018 20:35:11 UTC	
05/06/2018 21:26:55 UTC	
05/06/2018 21:39:28 UTC	
05/06/2018 22:03:20 UTC	
05/07/2018 06:00:34 UTC	
05/07/2018 06:55:10 UTC	
05/07/2018 07:04:25 UTC	
05/07/2018 07:34:09 UTC	
05/07/2018 12:47:54 UTC	
05/07/2018 14:33:14 UTC	
05/07/2018 15:15:15 UTC	
05/07/2018 15:34:39 UTC	
05/07/2018 15:38:56 UTC	
05/07/2018 15:56:05 UTC	
05/07/2018 16:09:23 UTC	
05/07/2018 16:18:24 UTC	
05/07/2018 16:25:30 UTC	
05/07/2018 16:28:44 UTC	
05/07/2018 16:32:30 UTC	
05/07/2018 16:33:46 UTC	
05/07/2018 16:37:29 UTC	
05/07/2018 16:48:23 UTC	
05/07/2018 17:41:09 UTC	
05/07/2018 19:30:28 UTC	
05/08/2018 05:45:30 UTC	
05/08/2018 06:13:54 UTC	
05/08/2018 06:53:22 UTC	
05/08/2018 07:16:41 UTC	
05/08/2018 10:57:16 UTC	
05/08/2018 12:27:12 UTC	
05/08/2018 12:34:13 UTC	
05/08/2018 12:48:24 UTC	
05/08/2018 13:08:07 UTC	
05/08/2018 15:15:22 UTC	
05/08/2018 15:26:23 UTC	
05/08/2018 16:02:22 UTC	
05/08/2018 16:22:24 UTC	
05/08/2018 16:26:28 UTC	
05/08/2018 16:29:56 UTC	
05/08/2018 17:52:30 UTC	
05/08/2018 18:37:26 UTC	
05/08/2018 19:32:41 UTC	
05/08/2018 20:07:23 UTC	
05/08/2018 20:28:43 UTC	
05/08/2018 21:05:20 UTC	
05/08/2018 21:12:10 UTC	
05/08/2018 21:21:45 UTC	
05/08/2018 21:32:02 UTC	
05/08/2018 21:44:02 UTC	
05/08/2018 22:00:21 UTC	
05/08/2018 22:38:40 UTC	
05/09/2018 05:58:33 UTC	
05/09/2018 07:05:15 UTC	
05/09/2018 07:06:10 UTC	
05/09/2018 12:48:29 UTC	
05/09/2018 15:03:37 UTC	
05/09/2018 16:01:32 UTC	
05/09/2018 16:23:19 UTC	
05/09/2018 16:30:20 UTC	
05/09/2018 16:34:28 UTC	
05/09/2018 17:12:12 UTC	
05/09/2018 17:19:15 UTC	
05/09/2018 17:46:17 UTC	
05/09/2018 17:58:29 UTC	
05/09/2018 18:03:50 UTC	
05/09/2018 18:14:08 UTC	
05/09/2018 18:35:20 UTC	
05/09/2018 18:59:05 UTC	
05/09/2018 20:03:44 UTC	
05/09/2018 20:29:34 UTC	
05/09/2018 20:42:37 UTC	
05/09/2018 20:53:13 UTC	
05/09/2018 21:00:16 UTC	
05/09/2018 21:06:14 UTC	
05/09/2018 22:06:48 UTC	
05/09/2018 22:21:35 UTC	
05/10/2018 06:00:44 UTC	
05/10/2018 07:05:16 UTC	
05/10/2018 07:39:59 UTC	
05/10/2018 10:04:29 UTC	
05/10/2018 11:14:02 UTC	
05/10/2018 13:04:08 UTC	
05/10/2018 13:06:45 UTC	
05/10/2018 13:13:34 UTC	
05/10/2018 13:16:23 UTC	
05/10/2018 13:20:13 UTC	
05/10/2018 13:29:52 UTC	
05/10/2018 14:33:18 UTC	
05/10/2018 15:34:13 UTC	
05/10/2018 16:21:27 UTC	
05/10/2018 16:28:07 UTC	
05/10/2018 16:47:20 UTC	
05/10/2018 17:09:27 UTC	
05/10/2018 17:40:04 UTC	
05/10/2018 18:13:58 UTC	
05/10/2018 18:59:29 UTC	
05/10/2018 19:57:31 UTC	
05/10/2018 20:13:48 UTC	
05/10/2018 20:56:45 UTC	
05/10/2018 21:02:49 UTC	
05/10/2018 21:05:37 UTC	
05/10/2018 21:42:03 UTC	
05/11/2018 05:45:29 UTC	
05/11/2018 05:56:52 UTC	
05/11/2018 06:11:41 UTC	
05/11/2018 06:37:47 UTC	
05/11/2018 06:51:12 UTC	
05/11/2018 09:19:37 UTC	
05/11/2018 12:42:06 UTC	
05/11/2018 12:55:57 UTC	
05/11/2018 13:31:45 UTC	
05/11/2018 13:45:37 UTC	
05/11/2018 13:52:37 UTC	
05/11/2018 14:10:54 UTC	
05/11/2018 14:24:15 UTC	
05/11/2018 14:29:44 UTC	
05/11/2018 15:03:45 UTC	
05/11/2018 15:54:17 UTC	
05/11/2018 16:47:49 UTC	
05/11/2018 17:09:34 UTC	
05/11/2018 18:45:41 UTC	
05/11/2018 18:58:57 UTC	
05/11/2018 19:12:48 UTC	
05/11/2018 19:37:35 UTC	
05/11/2018 19:42:30 UTC	
05/11/2018 19:47:44 UTC	
05/11/2018 20:17:33 UTC	
05/11/2018 20:29:44 UTC	
05/11/2018 20:40:08 UTC	
05/11/2018 21:23:46 UTC	
05/11/2018 21:46:51 UTC	
05/12/2018 06:53:21 UTC	
05/12/2018 07:46:21 UTC	
05/12/2018 09:43:52 UTC	
05/12/2018 09:52:07 UTC	
05/12/2018 14:42:28 UTC	
05/12/2018 15:55:23 UTC	
05/12/2018 16:30:22 UTC	
05/12/2018 16:47:36 UTC	
05/12/2018 16:59:40 UTC	
05/12/2018 17:15:14 UTC	
05/12/2018 17:29:56 UTC	
05/12/2018 17:37:03 UTC	
05/12/2018 18:16:12 UTC	
05/12/2018 21:34:37 UTC	
05/12/2018 22:04:35 UTC	
05/13/2018 07:14:26 UTC	
05/13/2018 07:49:10 UTC	
05/13/2018 08:38:53 UTC	
05/13/2018 09:02:00 UTC	
05/13/2018 10:42:05 UTC	
05/13/2018 10:55:11 UTC	
05/13/2018 11:31:07 UTC	
05/13/2018 12:27:55 UTC	
05/13/2018 13:16:44 UTC	
05/13/2018 13:17:41 UTC	
05/13/2018 13:25:30 UTC	
05/13/2018 13:43:28 UTC	
05/13/2018 13:44:16 UTC	
05/13/2018 13:46:13 UTC	
05/13/2018 13:48:07 UTC	
05/13/2018 13:53:34 UTC	
05/13/2018 13:57:47 UTC	
05/13/2018 14:27:20 UTC	
05/13/2018 15:03:49 UTC	
05/13/2018 15:50:24 UTC	
05/13/2018 16:23:21 UTC	
05/13/2018 16:46:51 UTC	
05/13/2018 17:07:24 UTC	
05/13/2018 17:40:37 UTC	
05/13/2018 17:59:56 UTC	
05/13/2018 18:37:43 UTC	
05/13/2018 18:58:34 UTC	
05/13/2018 19:26:34 UTC	
05/13/2018 19:46:45 UTC	
05/13/2018 20:07:58 UTC	
05/13/2018 20:20:36 UTC	
05/13/2018 20:59:30 UTC	
05/13/2018 21:21:07 UTC	
05/13/2018 21:44:00 UTC	
05/13/2018 21:51:43 UTC	
05/13/2018 22:24:20 UTC	
05/14/2018 05:55:55 UTC	
05/14/2018 05:57:12 UTC	
05/14/2018 05:59:38 UTC	
05/14/2018 06:50:17 UTC	
05/14/2018 07:10:43 UTC	
05/14/2018 15:00:41 UTC	
05/14/2018 15:34:52 UTC	
05/14/2018 15:49:30 UTC	
05/14/2018 16:25:42 UTC	
05/14/2018 16:58:11 UTC	
05/14/2018 17:55:33 UTC	
05/14/2018 18:12:03 UTC	
05/14/2018 19:00:31 UTC	
05/14/2018 19:02:20 UTC	
05/14/2018 19:04:09 UTC	
05/14/2018 19:26:17 UTC	
05/14/2018 19:48:22 UTC	
05/14/2018 19:56:14 UTC	
05/14/2018 21:26:04 UTC	
05/14/2018 21:40:46 UTC	
05/15/2018 05:49:12 UTC	
05/15/2018 06:45:34 UTC	
05/15/2018 09:06:10 UTC	
05/15/2018 11:00:31 UTC	
05/15/2018 11:03:47 UTC	
05/15/2018 13:04:39 UTC	
05/15/2018 14:47:30 UTC	
05/15/2018 15:00:58 UTC	
05/15/2018 15:22:24 UTC	
05/15/2018 15:40:08 UTC	
05/15/2018 16:11:41 UTC	
05/15/2018 16:27:08 UTC	
05/15/2018 17:22:06 UTC	
05/15/2018 17:43:16 UTC	
05/15/2018 17:54:54 UTC	
05/15/2018 18:00:37 UTC	
05/15/2018 18:01:23 UTC	
05/15/2018 18:07:01 UTC	
05/15/2018 19:42:44 UTC	
05/15/2018 19:52:55 UTC	
05/15/2018 20:00:52 UTC	
05/15/2018 20:10:15 UTC	
05/15/2018 20:13:00 UTC	
05/15/2018 20:16:14 UTC	
05/15/2018 20:23:54 UTC	
05/15/2018 20:33:30 UTC	
05/15/2018 20:45:05 UTC	
05/15/2018 21:01:09 UTC	
05/15/2018 21:07:22 UTC	
05/15/2018 21:32:12 UTC	
05/15/2018 21:47:45 UTC	
05/15/2018 22:03:14 UTC	
05/16/2018 05:45:36 UTC	
05/16/2018 06:00:58 UTC	
05/16/2018 06:41:53 UTC	
05/16/2018 10:26:50 UTC	
05/16/2018 10:34:47 UTC	
05/16/2018 12:55:54 UTC	
05/16/2018 13:02:18 UTC	
05/16/2018 13:10:21 UTC	
05/16/2018 15:28:32 UTC	
05/16/2018 15:47:28 UTC	
05/16/2018 16:28:29 UTC	
05/16/2018 16:37:31 UTC	
05/16/2018 16:50:40 UTC	
05/16/2018 16:52:17 UTC	
05/16/2018 16:53:29 UTC	
05/16/2018 17:44:12 UTC	
05/16/2018 19:53:24 UTC	
05/16/2018 19:59:38 UTC	
05/16/2018 20:07:45 UTC	
05/16/2018 20:15:56 UTC	
05/16/2018 20:33:47 UTC	
05/17/2018 05:52:12 UTC	
05/17/2018 06:10:49 UTC	
05/17/2018 06:49:18 UTC	
05/17/2018 07:01:18 UTC	
05/17/2018 13:09:23 UTC	
05/17/2018 13:13:56 UTC	
05/17/2018 15:19:15 UTC	
05/17/2018 16:02:57 UTC	
05/17/2018 16:20:48 UTC	
05/17/2018 16:27:50 UTC	
05/17/2018 16:30:57 UTC	
05/17/2018 17:43:31 UTC	
05/17/2018 18:03:00 UTC	
05/17/2018 18:20:35 UTC	
05/17/2018 18:31:34 UTC	
05/17/2018 18:54:39 UTC	
05/17/2018 19:13:34 UTC	
05/18/2018 05:45:46 UTC	
05/18/2018 06:43:23 UTC	
05/18/2018 06:51:15 UTC	
05/18/2018 07:59:09 UTC	
05/18/2018 08:55:48 UTC	
05/18/2018 11:04:41 UTC	
05/18/2018 12:36:45 UTC	
05/18/2018 12:47:47 UTC	
05/18/2018 13:28:03 UTC	
05/18/2018 15:13:07 UTC	
05/18/2018 15:22:48 UTC	
05/18/2018 15:40:50 UTC	
05/18/2018 16:28:49 UTC	
05/18/2018 16:31:06 UTC	
05/18/2018 16:34:18 UTC	
05/18/2018 16:37:15 UTC	
05/18/2018 16:37:57 UTC	
05/18/2018 17:42:51 UTC	
05/18/2018 17:47:09 UTC	
05/18/2018 17:50:06 UTC	
05/18/2018 19:10:33 UTC	
05/18/2018 19:18:14 UTC	
05/18/2018 19:39:30 UTC	
05/18/2018 20:42:10 UTC	
05/18/2018 20:57:19 UTC	
05/18/2018 21:56:34 UTC	
05/18/2018 21:58:10 UTC	
05/18/2018 22:51:53 UTC	
05/19/2018 05:31:24 UTC	
05/19/2018 06:12:33 UTC	
05/19/2018 07:17:12 UTC	
05/19/2018 08:31:11 UTC	
05/19/2018 08:35:20 UTC	
05/19/2018 08:42:19 UTC	
05/19/2018 08:46:22 UTC	
05/19/2018 09:13:49 UTC	
05/19/2018 11:18:01 UTC	
05/19/2018 11:18:34 UTC	
05/19/2018 11:40:15 UTC	
05/19/2018 12:02:16 UTC	
05/19/2018 12:37:10 UTC	
05/19/2018 12:40:39 UTC	
05/19/2018 12:51:19 UTC	
05/19/2018 13:16:38 UTC	
05/19/2018 14:25:52 UTC	
05/19/2018 15:46:52 UTC	
05/19/2018 15:48:37 UTC	
05/19/2018 15:52:34 UTC	
05/19/2018 16:10:35 UTC	
05/19/2018 16:51:32 UTC	
05/19/2018 17:45:31 UTC	
05/19/2018 17:46:02 UTC	
05/19/2018 18:05:10 UTC	
05/19/2018 20:53:10 UTC	
05/19/2018 21:00:42 UTC	
05/19/2018 21:26:24 UTC	
05/19/2018 21:54:02 UTC	
05/19/2018 22:02:10 UTC	
05/19/2018 22:02:58 UTC	
05/19/2018 22:31:44 UTC	
05/20/2018 05:39:59 UTC	
05/20/2018 05:45:26 UTC	
05/20/2018 06:05:26 UTC	
05/20/2018 06:13:37 UTC	
05/20/2018 06:14:33 UTC	
05/20/2018 07:01:05 UTC	
05/20/2018 07:23:10 UTC	
05/20/2018 07:28:39 UTC	
05/20/2018 08:06:42 UTC	
05/20/2018 08:46:12 UTC	
05/20/2018 08:56:42 UTC	
05/20/2018 09:12:07 UTC	
05/20/2018 10:37:09 UTC	
05/20/2018 10:51:55 UTC	
05/20/2018 11:01:03 UTC	
05/20/2018 11:07:44 UTC	
05/20/2018 11:20:07 UTC	
05/20/2018 11:23:13 UTC	
05/20/2018 11:33:27 UTC	
05/20/2018 11:47:35 UTC	
05/20/2018 11:53:12 UTC	
05/20/2018 11:56:47 UTC	
05/20/2018 12:01:23 UTC	
05/20/2018 12:05:21 UTC	
05/20/2018 12:10:17 UTC	
05/20/2018 12:12:29 UTC	
05/20/2018 12:16:21 UTC	
05/20/2018 12:32:57 UTC	
05/20/2018 12:39:09 UTC	
05/20/2018 12:42:47 UTC	
05/20/2018 12:44:54 UTC	
05/20/2018 13:00:48 UTC	
05/20/2018 13:36:03 UTC	
05/20/2018 13:42:34 UTC	
05/20/2018 13:58:11 UTC	
05/20/2018 14:45:58 UTC	
05/20/2018 14:53:47 UTC	
05/20/2018 15:05:09 UTC	
05/20/2018 15:38:03 UTC	
05/20/2018 15:51:26 UTC	
05/20/2018 16:01:50 UTC	
05/20/2018 16:16:57 UTC	
05/20/2018 16:31:14 UTC	
05/20/2018 16:38:38 UTC	
05/20/2018 16:49:46 UTC	
05/20/2018 17:15:05 UTC	
05/20/2018 17:39:04 UTC	
05/20/2018 17:56:00 UTC	
05/20/2018 17:57:20 UTC	
05/20/2018 17:58:36 UTC	
05/20/2018 18:06:58 UTC	
05/20/2018 18:57:38 UTC	
05/20/2018 19:38:46 UTC	
05/20/2018 20:10:41 UTC	
05/20/2018 20:43:22 UTC	
05/20/2018 20:54:17 UTC	
05/20/2018 21:19:14 UTC	
05/20/2018 21:41:14 UTC	
05/20/2018 21:48:06 UTC	
05/20/2018 22:00:09 UTC	
05/21/2018 05:45:37 UTC	
05/21/2018 06:16:22 UTC	
05/21/2018 06:59:37 UTC	
05/21/2018 09:06:44 UTC	
05/21/2018 12:13:10 UTC	
05/21/2018 14:15:03 UTC	
05/21/2018 15:32:28 UTC	
05/21/2018 15:34:16 UTC	
05/21/2018 16:11:29 UTC	
05/21/2018 16:27:12 UTC	
05/21/2018 16:32:37 UTC	
05/21/2018 17:06:43 UTC	
05/21/2018 17:14:32 UTC	
05/21/2018 17:43:44 UTC	
05/21/2018 17:55:34 UTC	
05/21/2018 18:01:33 UTC	
05/21/2018 19:06:05 UTC	
05/21/2018 20:16:52 UTC	
05/21/2018 20:28:36 UTC	
05/21/2018 21:03:10 UTC	
05/21/2018 21:17:21 UTC	
05/21/2018 21:59:23 UTC	
05/21/2018 22:10:22 UTC	
05/21/2018 22:12:05 UTC	
05/22/2018 05:45:35 UTC	
05/22/2018 06:57:25 UTC	
05/22/2018 08:46:20 UTC	
05/22/2018 10:45:16 UTC	
05/22/2018 11:46:53 UTC	
05/22/2018 12:16:06 UTC	
05/22/2018 12:16:30 UTC	
05/22/2018 15:40:50 UTC	
05/22/2018 16:29:33 UTC	
05/22/2018 16:52:29 UTC	
05/22/2018 17:45:03 UTC	
05/22/2018 17:49:31 UTC	
05/22/2018 17:54:56 UTC	
05/22/2018 18:40:00 UTC	
05/22/2018 19:29:23 UTC	
05/22/2018 22:01:29 UTC	
05/23/2018 05:46:38 UTC	
05/23/2018 06:05:06 UTC	
05/23/2018 06:14:06 UTC	
05/23/2018 06:58:41 UTC	
05/23/2018 14:59:06 UTC	
05/23/2018 15:00:40 UTC	
05/23/2018 15:25:18 UTC	
05/23/2018 15:47:21 UTC	
05/23/2018 15:58:18 UTC	
05/23/2018 16:20:06 UTC	
05/23/2018 16:25:23 UTC	
05/23/2018 17:09:44 UTC	
05/23/2018 17:31:21 UTC	
05/23/2018 17:45:29 UTC	
05/23/2018 18:08:06 UTC	
05/23/2018 18:31:14 UTC	
05/23/2018 18:31:33 UTC	
05/23/2018 18:41:14 UTC	
05/23/2018 19:15:04 UTC	
05/23/2018 19:16:55 UTC	
05/23/2018 19:26:11 UTC	
05/23/2018 22:07:53 UTC	
05/24/2018 05:45:49 UTC	
05/24/2018 06:57:49 UTC	
05/24/2018 07:31:35 UTC	
05/24/2018 12:44:12 UTC	
05/24/2018 14:01:49 UTC	
05/24/2018 14:20:01 UTC	
05/24/2018 14:37:54 UTC	
05/24/2018 15:04:04 UTC	
05/24/2018 15:30:18 UTC	
05/24/2018 15:45:42 UTC	
05/24/2018 16:30:42 UTC	
05/24/2018 17:11:52 UTC	
05/24/2018 17:34:59 UTC	
05/24/2018 17:43:29 UTC	
05/24/2018 17:59:37 UTC	
05/24/2018 18:16:26 UTC	
05/24/2018 18:24:27 UTC	
05/24/2018 18:45:41 UTC	
05/24/2018 18:46:33 UTC	
05/24/2018 19:03:38 UTC	
05/24/2018 19:08:06 UTC	
05/24/2018 19:12:48 UTC	
05/24/2018 19:22:47 UTC	
05/24/2018 19:24:06 UTC	
05/24/2018 20:21:02 UTC	
05/24/2018 21:27:19 UTC	
05/25/2018 04:09:14 UTC	
05/25/2018 05:35:34 UTC	
05/25/2018 05:42:39 UTC	
05/25/2018 05:50:19 UTC	
05/25/2018 06:35:23 UTC	
05/25/2018 08:45:41 UTC	
05/25/2018 09:55:51 UTC	
05/25/2018 11:35:40 UTC	
05/25/2018 16:50:54 UTC	
05/25/2018 18:09:40 UTC	
05/25/2018 18:36:38 UTC	
05/25/2018 18:40:53 UTC	
05/25/2018 19:42:33 UTC	
05/25/2018 19:45:52 UTC	
05/26/2018 06:18:21 UTC	
05/26/2018 08:12:06 UTC	
05/26/2018 08:26:26 UTC	
05/26/2018 08:26:57 UTC	
05/26/2018 08:41:53 UTC	
05/26/2018 08:55:13 UTC	
05/26/2018 10:23:09 UTC	
05/26/2018 11:15:42 UTC	
05/26/2018 15:52:43 UTC	
05/26/2018 16:11:22 UTC	
05/26/2018 17:44:48 UTC	
05/26/2018 20:25:04 UTC	
05/26/2018 21:23:21 UTC	
05/26/2018 22:08:12 UTC	
05/26/2018 23:16:09 UTC	
05/27/2018 06:19:18 UTC	
05/27/2018 06:22:44 UTC	
05/27/2018 06:32:33 UTC	
05/27/2018 06:50:51 UTC	
05/27/2018 07:08:17 UTC	
05/27/2018 07:33:17 UTC	
05/27/2018 07:38:30 UTC	
05/27/2018 07:45:56 UTC	
05/27/2018 07:55:46 UTC	
05/27/2018 08:09:22 UTC	
05/27/2018 08:38:40 UTC	
05/27/2018 09:00:19 UTC	
05/27/2018 09:10:51 UTC	
05/27/2018 09:16:20 UTC	
05/27/2018 09:28:58 UTC	
05/27/2018 10:16:20 UTC	
05/27/2018 10:37:02 UTC	
05/27/2018 10:45:17 UTC	
05/27/2018 11:14:55 UTC	
05/27/2018 12:08:32 UTC	
05/27/2018 12:15:53 UTC	
05/27/2018 12:34:40 UTC	
05/27/2018 12:56:02 UTC	
05/27/2018 13:54:05 UTC	
05/27/2018 14:37:51 UTC	
05/27/2018 14:54:08 UTC	
05/27/2018 14:58:38 UTC	
05/27/2018 15:04:29 UTC	
05/27/2018 15:23:40 UTC	
05/27/2018 15:47:14 UTC	
05/27/2018 16:05:22 UTC	
05/27/2018 16:24:02 UTC	
05/27/2018 16:45:32 UTC	
05/27/2018 16:51:16 UTC	
05/27/2018 17:07:02 UTC	
05/27/2018 17:22:17 UTC	
05/27/2018 17:49:26 UTC	
05/27/2018 18:06:52 UTC	
05/27/2018 18:45:27 UTC	
05/27/2018 19:13:08 UTC	
05/27/2018 19:55:05 UTC	
05/27/2018 20:19:56 UTC	
05/27/2018 20:55:23 UTC	
05/28/2018 04:07:02 UTC	
05/28/2018 04:46:29 UTC	
05/28/2018 05:41:01 UTC	
05/28/2018 07:01:46 UTC	
05/28/2018 07:21:54 UTC	
05/28/2018 11:30:49 UTC	
05/28/2018 11:33:57 UTC	
05/28/2018 11:39:42 UTC	
05/28/2018 11:40:18 UTC	
05/28/2018 11:51:17 UTC	
05/28/2018 11:57:18 UTC	
05/28/2018 12:33:59 UTC	
05/28/2018 12:48:57 UTC	
05/28/2018 16:15:41 UTC	
05/28/2018 18:54:04 UTC	
05/28/2018 20:02:47 UTC	
05/28/2018 20:03:32 UTC	
05/28/2018 20:04:44 UTC	
05/28/2018 20:07:08 UTC	
05/28/2018 20:17:34 UTC	
05/28/2018 20:30:51 UTC	
05/28/2018 21:02:23 UTC	
05/28/2018 21:13:38 UTC	
05/29/2018 04:57:38 UTC	
05/29/2018 05:25:39 UTC	
05/29/2018 05:48:18 UTC	
05/29/2018 07:14:35 UTC	
05/29/2018 10:09:40 UTC	
05/29/2018 11:32:52 UTC	
05/29/2018 12:04:33 UTC	
05/29/2018 12:32:24 UTC	
05/29/2018 17:00:20 UTC	
05/29/2018 18:34:52 UTC	
05/29/2018 20:05:11 UTC	
05/29/2018 20:52:49 UTC	
05/29/2018 20:56:11 UTC	
05/30/2018 04:03:24 UTC	
05/30/2018 04:31:02 UTC	
05/30/2018 04:54:22 UTC	
05/30/2018 05:16:57 UTC	
05/30/2018 06:54:13 UTC	
05/30/2018 10:55:17 UTC	
05/30/2018 11:37:40 UTC	
05/30/2018 12:36:54 UTC	
05/30/2018 12:59:07 UTC	
05/30/2018 18:03:55 UTC	
05/30/2018 18:09:42 UTC	
05/30/2018 19:57:26 UTC	
05/30/2018 21:13:35 UTC	
05/31/2018 04:01:59 UTC	
05/31/2018 04:53:55 UTC	
05/31/2018 06:06:50 UTC	
05/31/2018 06:13:32 UTC	
05/31/2018 06:18:25 UTC	
05/31/2018 06:53:45 UTC	
05/31/2018 08:45:28 UTC	
05/31/2018 09:33:27 UTC	
05/31/2018 11:37:49 UTC	
05/31/2018 11:39:08 UTC	
05/31/2018 12:35:35 UTC	
05/31/2018 13:58:24 UTC	
05/31/2018 15:10:22 UTC	
05/31/2018 15:19:14 UTC	
05/31/2018 17:05:37 UTC	
05/31/2018 18:06:10 UTC	
05/31/2018 19:12:02 UTC	
05/31/2018 21:07:04 UTC	
06/01/2018 04:18:43 UTC	
06/01/2018 04:57:16 UTC	
06/01/2018 05:32:13 UTC	
06/01/2018 05:32:46 UTC	
06/01/2018 05:33:26 UTC	
06/01/2018 05:44:30 UTC	
06/01/2018 05:55:14 UTC	
06/01/2018 08:58:02 UTC	
06/01/2018 11:27:48 UTC	
06/01/2018 12:34:54 UTC	
06/01/2018 12:43:26 UTC	
06/01/2018 13:14:03 UTC	
06/01/2018 15:01:43 UTC	
06/01/2018 21:26:43 UTC	
06/01/2018 21:53:57 UTC	
06/01/2018 22:02:18 UTC	
06/02/2018 05:59:24 UTC	
06/02/2018 06:34:56 UTC	
06/02/2018 07:16:57 UTC	
06/02/2018 09:48:07 UTC	
06/02/2018 10:59:12 UTC	
06/02/2018 11:12:45 UTC	
06/02/2018 11:30:22 UTC	
06/02/2018 13:43:39 UTC	
06/02/2018 15:04:25 UTC	
06/02/2018 16:32:10 UTC	
06/02/2018 16:44:40 UTC	
06/02/2018 16:45:41 UTC	
06/02/2018 18:28:15 UTC	
06/02/2018 18:46:44 UTC	
06/02/2018 19:10:09 UTC	
06/02/2018 19:13:42 UTC	
06/02/2018 20:04:46 UTC	
06/02/2018 22:40:26 UTC	
06/03/2018 07:16:06 UTC	
06/03/2018 07:24:24 UTC	
06/03/2018 07:41:09 UTC	
06/03/2018 07:50:15 UTC	
06/03/2018 07:53:46 UTC	
06/03/2018 07:59:37 UTC	
06/03/2018 08:35:48 UTC	
06/03/2018 11:18:50 UTC	
06/03/2018 11:59:03 UTC	
06/03/2018 12:25:44 UTC	
06/03/2018 12:46:16 UTC	
06/03/2018 15:30:36 UTC	
06/03/2018 17:05:49 UTC	
06/03/2018 17:46:54 UTC	
06/03/2018 18:20:28 UTC	
06/03/2018 18:59:11 UTC	
06/03/2018 19:34:07 UTC	
06/03/2018 20:22:27 UTC	
06/03/2018 20:27:48 UTC	
06/03/2018 20:34:50 UTC	
06/03/2018 20:42:06 UTC	
06/03/2018 20:44:18 UTC	
06/03/2018 20:47:29 UTC	
06/03/2018 21:19:37 UTC	
06/04/2018 04:01:22 UTC	
06/04/2018 04:48:08 UTC	
06/04/2018 05:24:41 UTC	
06/04/2018 06:50:26 UTC	
06/04/2018 09:55:29 UTC	
06/04/2018 10:52:16 UTC	
06/04/2018 11:23:09 UTC	
06/04/2018 11:28:28 UTC	
06/04/2018 11:30:03 UTC	
06/04/2018 12:35:32 UTC	
06/04/2018 15:20:42 UTC	
06/04/2018 19:26:15 UTC	
06/04/2018 19:45:24 UTC	
06/04/2018 19:48:26 UTC	
06/04/2018 21:24:29 UTC	
06/05/2018 04:00:28 UTC	
06/05/2018 04:26:57 UTC	
06/05/2018 04:45:31 UTC	
06/05/2018 04:52:13 UTC	
06/05/2018 06:32:34 UTC	
06/05/2018 06:47:53 UTC	
06/05/2018 10:16:28 UTC	
06/05/2018 11:25:06 UTC	
06/05/2018 11:36:01 UTC	
06/05/2018 12:33:04 UTC	
06/05/2018 15:46:45 UTC	
06/05/2018 18:46:00 UTC	
06/05/2018 18:46:33 UTC	
06/05/2018 20:08:53 UTC	
06/05/2018 21:22:21 UTC	
06/05/2018 21:31:50 UTC	
06/06/2018 04:00:33 UTC	
06/06/2018 04:29:06 UTC	
06/06/2018 04:51:48 UTC	
06/06/2018 05:53:11 UTC	
06/06/2018 05:54:25 UTC	
06/06/2018 05:58:01 UTC	
06/06/2018 09:52:19 UTC	
06/06/2018 11:03:01 UTC	
06/06/2018 11:34:32 UTC	
06/06/2018 12:34:06 UTC	
06/06/2018 13:14:03 UTC	
06/06/2018 13:15:39 UTC	
06/06/2018 13:16:43 UTC	
06/06/2018 13:18:52 UTC	
06/06/2018 13:21:39 UTC	
06/06/2018 13:25:54 UTC	
06/06/2018 16:04:58 UTC	
06/06/2018 17:01:20 UTC	
06/06/2018 18:22:14 UTC	
06/06/2018 18:35:29 UTC	
06/06/2018 18:36:35 UTC	
06/06/2018 18:42:38 UTC	
06/07/2018 04:54:30 UTC	
06/07/2018 04:59:50 UTC	
06/07/2018 06:34:58 UTC	
06/07/2018 06:47:21 UTC	
06/07/2018 10:31:30 UTC	
06/07/2018 10:52:38 UTC	
06/07/2018 11:31:44 UTC	
06/07/2018 12:42:52 UTC	
06/07/2018 12:50:42 UTC	
06/07/2018 18:36:45 UTC	
06/07/2018 22:19:14 UTC	
06/08/2018 06:02:36 UTC	
06/08/2018 06:28:47 UTC	
06/08/2018 06:56:07 UTC	
06/08/2018 07:08:40 UTC	
06/08/2018 07:17:52 UTC	
06/08/2018 07:42:01 UTC	
06/08/2018 08:21:23 UTC	
06/08/2018 09:27:45 UTC	
06/08/2018 10:42:26 UTC	
06/08/2018 11:06:48 UTC	
06/08/2018 11:44:19 UTC	
06/08/2018 12:19:43 UTC	
06/08/2018 15:38:06 UTC	
06/08/2018 17:08:54 UTC	
06/08/2018 22:53:08 UTC	
06/09/2018 06:21:29 UTC	
06/09/2018 07:14:40 UTC	
06/09/2018 09:05:47 UTC	
06/09/2018 09:34:09 UTC	
06/09/2018 10:35:20 UTC	
06/09/2018 10:36:01 UTC	
06/09/2018 12:39:05 UTC	
06/09/2018 12:48:51 UTC	
06/09/2018 17:32:22 UTC	
06/09/2018 19:15:37 UTC	
06/09/2018 21:42:41 UTC	
06/10/2018 08:16:09 UTC	
06/10/2018 09:43:28 UTC	
06/10/2018 10:43:08 UTC	
06/10/2018 12:30:22 UTC	
06/10/2018 15:26:39 UTC	
06/10/2018 16:14:42 UTC	
06/10/2018 16:28:05 UTC	
06/10/2018 17:45:36 UTC	
06/10/2018 17:46:02 UTC	
06/10/2018 18:00:59 UTC	
06/10/2018 18:14:02 UTC	
06/10/2018 18:35:41 UTC	
06/10/2018 20:00:12 UTC	
06/11/2018 05:18:05 UTC	
06/11/2018 05:47:25 UTC	
06/11/2018 06:04:45 UTC	
06/11/2018 06:57:35 UTC	
06/11/2018 08:34:16 UTC	
06/11/2018 08:56:56 UTC	
06/11/2018 09:00:30 UTC	
06/11/2018 09:19:53 UTC	
06/11/2018 10:51:21 UTC	
06/11/2018 11:30:58 UTC	
06/11/2018 11:41:58 UTC	
06/11/2018 11:46:50 UTC	
06/11/2018 12:22:18 UTC	
06/11/2018 14:23:49 UTC	
06/11/2018 15:18:03 UTC	
06/11/2018 15:44:14 UTC	
06/11/2018 15:46:22 UTC	
06/11/2018 15:55:04 UTC	
06/11/2018 15:56:41 UTC	
06/11/2018 17:17:52 UTC	
06/11/2018 18:25:13 UTC	
06/11/2018 18:53:15 UTC	
06/11/2018 18:59:48 UTC	
06/11/2018 19:06:34 UTC	
06/11/2018 19:10:56 UTC	
06/11/2018 19:18:26 UTC	
06/11/2018 19:25:49 UTC	
06/11/2018 19:39:52 UTC	
06/11/2018 19:51:35 UTC	
06/11/2018 20:01:49 UTC	
06/11/2018 20:19:25 UTC	
06/11/2018 20:41:14 UTC	
06/11/2018 21:26:07 UTC	
06/11/2018 21:28:54 UTC	
06/11/2018 22:00:11 UTC	
06/12/2018 04:01:59 UTC	
06/12/2018 04:51:34 UTC	
06/12/2018 05:40:13 UTC	
06/12/2018 05:53:55 UTC	
06/12/2018 06:35:47 UTC	
06/12/2018 06:47:23 UTC	
06/12/2018 08:18:34 UTC	
06/12/2018 11:29:02 UTC	
06/12/2018 12:28:57 UTC	
06/12/2018 12:35:09 UTC	
06/12/2018 14:49:38 UTC	
06/12/2018 20:43:49 UTC	
06/12/2018 21:06:46 UTC	
06/12/2018 21:28:41 UTC	
06/12/2018 21:36:42 UTC	
06/12/2018 21:41:14 UTC	
06/13/2018 04:15:05 UTC	
06/13/2018 05:00:10 UTC	
06/13/2018 05:25:35 UTC	
06/13/2018 06:37:49 UTC	
06/13/2018 06:49:12 UTC	
06/13/2018 11:36:49 UTC	
06/13/2018 12:35:29 UTC	
06/13/2018 13:43:52 UTC	
06/13/2018 15:42:59 UTC	
06/13/2018 17:04:27 UTC	
06/13/2018 17:43:21 UTC	
06/13/2018 18:08:24 UTC	
06/13/2018 18:27:23 UTC	
06/13/2018 19:34:17 UTC	
06/13/2018 21:17:09 UTC	
06/13/2018 21:26:25 UTC	
06/13/2018 21:30:23 UTC	
06/13/2018 21:37:18 UTC	
06/14/2018 04:00:41 UTC	
06/14/2018 04:30:59 UTC	
06/14/2018 04:47:04 UTC	
06/14/2018 06:37:43 UTC	
06/14/2018 06:49:09 UTC	
06/14/2018 11:28:45 UTC	
06/14/2018 12:36:53 UTC	
06/14/2018 14:58:56 UTC	
06/14/2018 19:02:07 UTC	
06/14/2018 21:00:53 UTC	
06/14/2018 21:07:44 UTC	
06/15/2018 04:02:05 UTC	
06/15/2018 05:00:50 UTC	
06/15/2018 05:02:51 UTC	
06/15/2018 09:11:17 UTC	
06/15/2018 11:38:11 UTC	
06/15/2018 12:40:24 UTC	
06/15/2018 17:21:17 UTC	
06/15/2018 18:49:01 UTC	
06/15/2018 20:24:21 UTC	
06/15/2018 20:32:10 UTC	
06/15/2018 20:38:09 UTC	
06/15/2018 20:42:59 UTC	
06/15/2018 20:48:10 UTC	
06/15/2018 20:55:11 UTC	
06/15/2018 20:59:40 UTC	
06/15/2018 21:05:09 UTC	
06/15/2018 21:09:32 UTC	
06/15/2018 21:19:25 UTC	
06/15/2018 21:24:15 UTC	
06/15/2018 21:28:38 UTC	
06/15/2018 21:32:27 UTC	
06/15/2018 21:39:21 UTC	
06/15/2018 21:44:13 UTC	
06/15/2018 21:49:00 UTC	
06/15/2018 22:00:57 UTC	
06/15/2018 22:08:48 UTC	
06/15/2018 22:17:27 UTC	
06/15/2018 22:38:21 UTC	
06/15/2018 22:42:58 UTC	
06/15/2018 22:44:21 UTC	
06/16/2018 06:04:09 UTC	
06/16/2018 06:21:08 UTC	
06/16/2018 07:08:23 UTC	
06/16/2018 07:35:29 UTC	
06/16/2018 09:02:31 UTC	
06/16/2018 09:12:00 UTC	
06/16/2018 09:17:53 UTC	
06/16/2018 09:31:48 UTC	
06/16/2018 09:41:01 UTC	
06/16/2018 09:42:25 UTC	
06/16/2018 09:50:27 UTC	
06/16/2018 10:00:43 UTC	
06/16/2018 10:02:49 UTC	
06/16/2018 10:04:07 UTC	
06/16/2018 10:13:22 UTC	
06/16/2018 10:14:56 UTC	
06/16/2018 10:17:28 UTC	
06/16/2018 10:24:55 UTC	
06/16/2018 10:28:41 UTC	
06/16/2018 11:03:16 UTC	
06/16/2018 11:05:20 UTC	
06/16/2018 11:06:39 UTC	
06/16/2018 11:32:29 UTC	
06/16/2018 11:34:38 UTC	
06/16/2018 12:11:12 UTC	
06/16/2018 16:57:15 UTC	
06/16/2018 19:22:44 UTC	
06/16/2018 22:05:29 UTC	
06/17/2018 05:50:11 UTC	
06/17/2018 07:51:20 UTC	
06/17/2018 08:06:37 UTC	
06/17/2018 08:29:13 UTC	
06/17/2018 08:31:48 UTC	
06/17/2018 08:35:05 UTC	
06/17/2018 09:29:08 UTC	
06/17/2018 10:55:59 UTC	
06/17/2018 11:14:52 UTC	
06/17/2018 12:01:48 UTC	
06/17/2018 14:18:19 UTC	
06/17/2018 14:43:35 UTC	
06/17/2018 14:53:24 UTC	
06/17/2018 15:33:35 UTC	
06/17/2018 15:45:11 UTC	
06/17/2018 17:15:44 UTC	
06/17/2018 19:15:32 UTC	
06/17/2018 19:48:30 UTC	
06/17/2018 20:06:43 UTC	
06/17/2018 20:28:35 UTC	
06/17/2018 20:44:48 UTC	
06/17/2018 20:54:42 UTC	
06/17/2018 20:58:41 UTC	
06/18/2018 04:00:57 UTC	
06/18/2018 04:17:33 UTC	
06/18/2018 04:48:48 UTC	
06/18/2018 05:13:20 UTC	
06/18/2018 06:04:58 UTC	
06/18/2018 06:48:11 UTC	
06/18/2018 11:30:27 UTC	
06/18/2018 12:34:00 UTC	
06/18/2018 12:41:35 UTC	
06/18/2018 17:36:23 UTC	
06/18/2018 19:03:07 UTC	
06/18/2018 19:08:03 UTC	
06/18/2018 19:24:10 UTC	
06/18/2018 19:50:56 UTC	
06/18/2018 19:53:38 UTC	
06/18/2018 21:58:13 UTC	
